filename,width,height,class,xmin,ymin,xmax,ymax
frame10.jpg,1920,1080,bee,1155,608,1364,859
frame10.jpg,1920,1080,bee,677,616,774,761
frame100.jpg,1920,1080,bee,1264,88,1439,251
frame100.jpg,1920,1080,bee,1057,893,1219,999
frame100.jpg,1920,1080,bee,1274,863,1415,993
frame100.jpg,1920,1080,bee,1530,842,1738,1001
frame1000.jpg,1920,1080,bee,861,898,954,936
frame1000.jpg,1920,1080,bee,197,841,319,934
frame1000.jpg,1920,1080,bee,476,657,651,846
frame1000.jpg,1920,1080,bee,900,499,1045,699
frame1000.jpg,1920,1080,bee,991,135,1094,273
frame1000.jpg,1920,1080,bee,879,644,1047,833
frame1000.jpg,1920,1080,bee,400,625,557,837
frame1001.jpg,1920,1080,bee,841,860,944,932
frame1001.jpg,1920,1080,bee,197,849,326,935
frame1001.jpg,1920,1080,bee,474,618,638,831
frame1001.jpg,1920,1080,bee,897,496,1045,701
frame1001.jpg,1920,1080,bee,938,162,1062,280
frame1001.jpg,1920,1080,bee,391,625,566,827
frame1001.jpg,1920,1080,bee,889,654,1040,823
frame1002.jpg,1920,1080,bee,1101,903,1162,957
frame1002.jpg,1920,1080,bee,174,829,293,967
frame1002.jpg,1920,1080,bee,419,657,661,857
frame1002.jpg,1920,1080,bee,870,489,1045,637
frame1002.jpg,1920,1080,bee,863,122,1007,231
frame1002.jpg,1920,1080,bee,289,852,415,980
frame1002.jpg,1920,1080,bee,1706,893,1838,950
frame1002.jpg,1920,1080,bee,1196,912,1311,957
frame1002.jpg,1920,1080,bee,902,559,1036,714
frame1002.jpg,1920,1080,bee,745,693,896,818
frame1002.jpg,1920,1080,bee,898,667,1038,814
frame1003.jpg,1920,1080,bee,174,844,290,965
frame1003.jpg,1920,1080,bee,485,659,645,844
frame1003.jpg,1920,1080,bee,891,489,1047,631
frame1003.jpg,1920,1080,bee,656,482,777,559
frame1003.jpg,1920,1080,bee,766,24,898,163
frame1003.jpg,1920,1080,bee,902,580,1051,737
frame1003.jpg,1920,1080,bee,894,672,1047,827
frame1003.jpg,1920,1080,bee,391,642,555,810
frame1003.jpg,1920,1080,bee,274,872,413,972
frame1004.jpg,1920,1080,bee,1092,905,1183,961
frame1004.jpg,1920,1080,bee,281,867,402,976
frame1004.jpg,1920,1080,bee,184,856,287,972
frame1004.jpg,1920,1080,bee,385,633,564,823
frame1004.jpg,1920,1080,bee,876,476,1042,646
frame1004.jpg,1920,1080,bee,510,223,656,329
frame1004.jpg,1920,1080,bee,1272,1,1374,114
frame1004.jpg,1920,1080,bee,668,1,760,112
frame1004.jpg,1920,1080,bee,481,648,655,827
frame1004.jpg,1920,1080,bee,911,584,1066,748
frame1004.jpg,1920,1080,bee,887,654,1045,831
frame1005.jpg,1920,1080,bee,289,865,404,978
frame1005.jpg,1920,1080,bee,183,853,291,967
frame1005.jpg,1920,1080,bee,402,612,572,831
frame1005.jpg,1920,1080,bee,891,482,1040,657
frame1005.jpg,1920,1080,bee,1352,68,1453,243
frame1005.jpg,1920,1080,bee,328,25,501,120
frame1005.jpg,1920,1080,bee,609,1,697,121
frame1005.jpg,1920,1080,bee,911,610,1062,757
frame1005.jpg,1920,1080,bee,879,669,1045,835
frame1005.jpg,1920,1080,bee,494,654,636,840
frame1006.jpg,1920,1080,bee,1082,905,1187,963
frame1006.jpg,1920,1080,bee,294,859,407,980
frame1006.jpg,1920,1080,bee,185,837,281,972
frame1006.jpg,1920,1080,bee,415,610,557,808
frame1006.jpg,1920,1080,bee,896,474,1034,665
frame1006.jpg,1920,1080,bee,1432,207,1523,376
frame1006.jpg,1920,1080,bee,617,12,700,174
frame1006.jpg,1920,1080,bee,485,650,628,835
frame1006.jpg,1920,1080,bee,934,642,1068,769
frame1006.jpg,1920,1080,bee,874,680,1045,846
frame1007.jpg,1920,1080,bee,298,906,408,969
frame1007.jpg,1920,1080,bee,1079,905,1211,961
frame1007.jpg,1920,1080,bee,182,849,276,974
frame1007.jpg,1920,1080,bee,415,603,551,806
frame1007.jpg,1920,1080,bee,888,494,1029,659
frame1007.jpg,1920,1080,bee,1458,336,1562,507
frame1007.jpg,1920,1080,bee,670,72,768,249
frame1007.jpg,1920,1080,bee,500,659,630,835
frame1007.jpg,1920,1080,bee,876,685,1029,856
frame1007.jpg,1920,1080,bee,945,660,1085,812
frame1008.jpg,1920,1080,bee,285,869,408,982
frame1008.jpg,1920,1080,bee,172,850,278,972
frame1008.jpg,1920,1080,bee,423,599,551,799
frame1008.jpg,1920,1080,bee,889,489,1021,674
frame1008.jpg,1920,1080,bee,1459,477,1578,654
frame1008.jpg,1920,1080,bee,707,170,817,348
frame1008.jpg,1920,1080,bee,501,649,629,849
frame1008.jpg,1920,1080,bee,1028,886,1213,965
frame1008.jpg,1920,1080,bee,876,669,1021,859
frame1008.jpg,1920,1080,bee,957,645,1097,827
frame1009.jpg,1920,1080,bee,294,869,417,976
frame1009.jpg,1920,1080,bee,170,846,268,974
frame1009.jpg,1920,1080,bee,437,606,564,797
frame1009.jpg,1920,1080,bee,1470,595,1609,772
frame1009.jpg,1920,1080,bee,889,501,1028,676
frame1009.jpg,1920,1080,bee,691,269,813,443
frame1009.jpg,1920,1080,bee,489,680,632,846
frame1009.jpg,1920,1080,bee,960,661,1102,834
frame1009.jpg,1920,1080,bee,872,685,1014,858
frame101.jpg,1920,1080,bee,1245,852,1398,984
frame1010.jpg,1920,1080,bee,308,872,423,967
frame1010.jpg,1920,1080,bee,1045,875,1166,961
frame1010.jpg,1920,1080,bee,174,840,281,972
frame1010.jpg,1920,1080,bee,1509,674,1667,845
frame1010.jpg,1920,1080,bee,437,584,576,780
frame1010.jpg,1920,1080,bee,889,499,1030,684
frame1010.jpg,1920,1080,bee,628,320,789,529
frame1010.jpg,1920,1080,bee,972,667,1113,852
frame1010.jpg,1920,1080,bee,870,676,1011,861
frame1010.jpg,1920,1080,bee,495,674,634,870
frame1011.jpg,1920,1080,bee,1030,867,1174,965
frame1011.jpg,1920,1080,bee,171,833,268,969
frame1011.jpg,1920,1080,bee,1576,702,1728,874
frame1011.jpg,1920,1080,bee,446,578,611,746
frame1011.jpg,1920,1080,bee,896,512,1025,684
frame1011.jpg,1920,1080,bee,590,377,697,550
frame1011.jpg,1920,1080,bee,478,700,649,884
frame1011.jpg,1920,1080,bee,973,654,1125,835
frame1011.jpg,1920,1080,bee,859,681,1011,862
frame1012.jpg,1920,1080,bee,1060,870,1123,921
frame1012.jpg,1920,1080,bee,174,850,289,978
frame1012.jpg,1920,1080,bee,1602,712,1795,889
frame1012.jpg,1920,1080,bee,455,578,619,742
frame1012.jpg,1920,1080,bee,895,499,1042,691
frame1012.jpg,1920,1080,bee,539,397,622,555
frame1012.jpg,1920,1080,bee,468,715,638,899
frame1012.jpg,1920,1080,bee,311,876,451,989
frame1012.jpg,1920,1080,bee,876,671,1023,863
frame1012.jpg,1920,1080,bee,976,665,1123,857
frame1013.jpg,1920,1080,bee,1623,737,1785,906
frame1013.jpg,1920,1080,bee,464,561,638,735
frame1013.jpg,1920,1080,bee,895,510,1059,685
frame1013.jpg,1920,1080,bee,543,397,647,566
frame1013.jpg,1920,1080,bee,1357,10,1459,184
frame1013.jpg,1920,1080,bee,872,676,1036,851
frame1013.jpg,1920,1080,bee,974,687,1138,862
frame1013.jpg,1920,1080,bee,462,710,642,910
frame1014.jpg,1920,1080,bee,325,867,430,976
frame1014.jpg,1920,1080,bee,184,842,287,978
frame1014.jpg,1920,1080,bee,1639,742,1842,917
frame1014.jpg,1920,1080,bee,447,561,632,737
frame1014.jpg,1920,1080,bee,896,508,1072,708
frame1014.jpg,1920,1080,bee,512,360,625,505
frame1014.jpg,1920,1080,bee,1334,68,1434,223
frame1014.jpg,1920,1080,bee,458,720,647,913
frame1014.jpg,1920,1080,bee,866,663,1042,863
frame1014.jpg,1920,1080,bee,972,690,1148,890
frame1015.jpg,1920,1080,bee,341,880,440,972
frame1015.jpg,1920,1080,bee,184,876,285,969
frame1015.jpg,1920,1080,bee,1675,740,1819,925
frame1015.jpg,1920,1080,bee,479,561,662,727
frame1015.jpg,1920,1080,bee,913,529,1085,716
frame1015.jpg,1920,1080,bee,466,292,572,467
frame1015.jpg,1920,1080,bee,1332,120,1451,301
frame1015.jpg,1920,1080,bee,462,740,649,914
frame1015.jpg,1920,1080,bee,858,663,1030,850
frame1015.jpg,1920,1080,bee,981,704,1153,891
frame1015.jpg,1920,1080,bee,996,863,1164,970
frame1016.jpg,1920,1080,bee,1712,807,1859,948
frame1016.jpg,1920,1080,bee,485,757,635,924
frame1016.jpg,1920,1080,bee,500,550,694,733
frame1016.jpg,1920,1080,bee,923,531,1091,733
frame1016.jpg,1920,1080,bee,418,247,542,435
frame1016.jpg,1920,1080,bee,1359,168,1451,335
frame1016.jpg,1920,1080,bee,859,657,1027,859
frame1016.jpg,1920,1080,bee,995,710,1163,912
frame1016.jpg,1920,1080,bee,993,852,1140,968
frame1017.jpg,1920,1080,bee,1289,867,1391,954
frame1017.jpg,1920,1080,bee,323,882,447,976
frame1017.jpg,1920,1080,bee,185,869,285,980
frame1017.jpg,1920,1080,bee,1683,803,1862,954
frame1017.jpg,1920,1080,bee,487,773,630,925
frame1017.jpg,1920,1080,bee,942,563,1083,744
frame1017.jpg,1920,1080,bee,517,579,709,713
frame1017.jpg,1920,1080,bee,315,206,479,408
frame1017.jpg,1920,1080,bee,1313,214,1421,403
frame1017.jpg,1920,1080,bee,872,661,1021,840
frame1017.jpg,1920,1080,bee,1013,730,1162,909
frame1018.jpg,1920,1080,bee,1674,795,1842,961
frame1018.jpg,1920,1080,bee,481,793,638,933
frame1018.jpg,1920,1080,bee,936,557,1100,767
frame1018.jpg,1920,1080,bee,515,548,720,711
frame1018.jpg,1920,1080,bee,1248,231,1425,414
frame1018.jpg,1920,1080,bee,264,184,417,395
frame1018.jpg,1920,1080,bee,870,649,1034,859
frame1018.jpg,1920,1080,bee,1027,735,1191,945
frame1019.jpg,1920,1080,bee,319,884,449,991
frame1019.jpg,1920,1080,bee,189,878,308,978
frame1019.jpg,1920,1080,bee,1672,805,1859,957
frame1019.jpg,1920,1080,bee,505,799,630,928
frame1019.jpg,1920,1080,bee,949,565,1111,769
frame1019.jpg,1920,1080,bee,557,544,751,709
frame1019.jpg,1920,1080,bee,1210,270,1356,450
frame1019.jpg,1920,1080,bee,332,202,422,362
frame1019.jpg,1920,1080,bee,875,654,1037,858
frame1019.jpg,1920,1080,bee,1240,857,1385,980
frame1019.jpg,1920,1080,bee,1026,796,1172,933
frame1019.jpg,1920,1080,bee,1113,836,1259,973
frame1019.jpg,1920,1080,bee,968,838,1114,975
frame102.jpg,1920,1080,bee,1249,857,1455,986
frame102.jpg,1920,1080,bee,1013,866,1219,995
frame102.jpg,1920,1080,bee,1568,866,1774,995
frame1020.jpg,1920,1080,bee,325,876,430,980
frame1020.jpg,1920,1080,bee,189,878,289,972
frame1020.jpg,1920,1080,bee,1251,868,1364,969
frame1020.jpg,1920,1080,bee,1666,804,1853,957
frame1020.jpg,1920,1080,bee,496,780,642,963
frame1020.jpg,1920,1080,bee,955,584,1102,784
frame1020.jpg,1920,1080,bee,572,514,772,700
frame1020.jpg,1920,1080,bee,1,342,108,535
frame1020.jpg,1920,1080,bee,1160,291,1328,479
frame1020.jpg,1920,1080,bee,347,201,436,386
frame1020.jpg,1920,1080,bee,876,652,1023,852
frame1020.jpg,1920,1080,bee,1116,674,1263,874
frame1020.jpg,1920,1080,bee,1055,797,1181,974
frame1020.jpg,1920,1080,bee,972,842,1104,987
frame1021.jpg,1920,1080,bee,328,886,455,978
frame1021.jpg,1920,1080,bee,188,889,317,978
frame1021.jpg,1920,1080,bee,1240,866,1353,972
frame1021.jpg,1920,1080,bee,497,803,627,930
frame1021.jpg,1920,1080,bee,1672,786,1832,946
frame1021.jpg,1920,1080,bee,906,646,1025,852
frame1021.jpg,1920,1080,bee,606,557,791,683
frame1021.jpg,1920,1080,bee,116,372,251,557
frame1021.jpg,1920,1080,bee,1150,321,1319,501
frame1021.jpg,1920,1080,bee,339,219,417,387
frame1021.jpg,1920,1080,bee,981,589,1100,795
frame1021.jpg,1920,1080,bee,1137,527,1259,674
frame1021.jpg,1920,1080,bee,1045,810,1181,967
frame1022.jpg,1920,1080,bee,308,882,445,986
frame1022.jpg,1920,1080,bee,194,874,281,982
frame1022.jpg,1920,1080,bee,1228,880,1330,965
frame1022.jpg,1920,1080,bee,1068,814,1186,961
frame1022.jpg,1920,1080,bee,495,810,640,952
frame1022.jpg,1920,1080,bee,1664,801,1819,954
frame1022.jpg,1920,1080,bee,904,650,1021,842
frame1022.jpg,1920,1080,bee,617,520,807,681
frame1022.jpg,1920,1080,bee,1040,325,1155,499
frame1022.jpg,1920,1080,bee,298,220,436,433
frame1022.jpg,1920,1080,bee,315,373,453,586
frame1022.jpg,1920,1080,bee,964,837,1082,984
frame1022.jpg,1920,1080,bee,1781,823,1887,958
frame1022.jpg,1920,1080,bee,972,601,1104,795
frame1022.jpg,1920,1080,bee,1144,376,1259,525
frame1023.jpg,1920,1080,bee,323,889,449,976
frame1023.jpg,1920,1080,bee,196,874,308,978
frame1023.jpg,1920,1080,bee,483,808,645,961
frame1023.jpg,1920,1080,bee,1059,824,1183,948
frame1023.jpg,1920,1080,bee,1670,786,1821,957
frame1023.jpg,1920,1080,bee,900,665,1006,838
frame1023.jpg,1920,1080,bee,625,525,834,682
frame1023.jpg,1920,1080,bee,505,363,649,554
frame1023.jpg,1920,1080,bee,966,358,1120,493
frame1023.jpg,1920,1080,bee,339,286,472,478
frame1023.jpg,1920,1080,bee,1132,186,1242,338
frame1023.jpg,1920,1080,bee,983,624,1100,791
frame1023.jpg,1920,1080,bee,978,848,1102,972
frame1023.jpg,1920,1080,bee,1221,874,1345,998
frame1023.jpg,1920,1080,bee,1785,810,1898,957
frame1024.jpg,1920,1080,bee,965,891,1113,978
frame1024.jpg,1920,1080,bee,338,903,428,978
frame1024.jpg,1920,1080,bee,1200,886,1336,988
frame1024.jpg,1920,1080,bee,192,878,315,978
frame1024.jpg,1920,1080,bee,1061,840,1184,930
frame1024.jpg,1920,1080,bee,506,810,621,961
frame1024.jpg,1920,1080,bee,1684,806,1813,961
frame1024.jpg,1920,1080,bee,901,623,1013,838
frame1024.jpg,1920,1080,bee,655,534,839,671
frame1024.jpg,1920,1080,bee,568,345,677,524
frame1024.jpg,1920,1080,bee,1008,324,1153,434
frame1024.jpg,1920,1080,bee,367,299,501,431
frame1024.jpg,1920,1080,bee,1104,1,1202,92
frame1024.jpg,1920,1080,bee,990,612,1102,827
frame1024.jpg,1920,1080,bee,1778,802,1907,957
frame1025.jpg,1920,1080,bee,330,910,428,986
frame1025.jpg,1920,1080,bee,1200,872,1308,995
frame1025.jpg,1920,1080,bee,190,877,315,982
frame1025.jpg,1920,1080,bee,977,876,1102,971
frame1025.jpg,1920,1080,bee,508,818,632,965
frame1025.jpg,1920,1080,bee,900,637,1017,836
frame1025.jpg,1920,1080,bee,665,503,851,657
frame1025.jpg,1920,1080,bee,453,270,598,425
frame1025.jpg,1920,1080,bee,1104,246,1221,423
frame1025.jpg,1920,1080,bee,576,293,711,512
frame1025.jpg,1920,1080,bee,991,635,1108,834
frame1025.jpg,1920,1080,bee,1064,844,1176,978
frame1025.jpg,1920,1080,bee,1664,811,1804,950
frame1025.jpg,1920,1080,bee,1770,771,1908,950
frame1026.jpg,1920,1080,bee,1766,780,1861,967
frame1026.jpg,1920,1080,bee,1668,812,1801,964
frame1026.jpg,1920,1080,bee,325,897,423,976
frame1026.jpg,1920,1080,bee,1181,888,1281,997
frame1026.jpg,1920,1080,bee,188,875,306,982
frame1026.jpg,1920,1080,bee,1066,852,1181,976
frame1026.jpg,1920,1080,bee,520,833,630,967
frame1026.jpg,1920,1080,bee,902,633,1008,839
frame1026.jpg,1920,1080,bee,703,480,883,653
frame1026.jpg,1920,1080,bee,1147,234,1253,429
frame1026.jpg,1920,1080,bee,509,248,617,467
frame1026.jpg,1920,1080,bee,528,197,711,367
frame1026.jpg,1920,1080,bee,995,641,1123,837
frame1026.jpg,1920,1080,bee,981,861,1096,985
frame1027.jpg,1920,1080,bee,325,908,413,976
frame1027.jpg,1920,1080,bee,1185,867,1268,974
frame1027.jpg,1920,1080,bee,962,880,1098,995
frame1027.jpg,1920,1080,bee,188,878,311,980
frame1027.jpg,1920,1080,bee,524,873,622,937
frame1027.jpg,1920,1080,bee,1681,803,1787,965
frame1027.jpg,1920,1080,bee,903,623,1025,868
frame1027.jpg,1920,1080,bee,726,499,903,643
frame1027.jpg,1920,1080,bee,1145,285,1244,462
frame1027.jpg,1920,1080,bee,410,257,550,479
frame1027.jpg,1920,1080,bee,653,138,786,291
frame1027.jpg,1920,1080,bee,1003,652,1128,868
frame1027.jpg,1920,1080,bee,1060,874,1196,989
frame1027.jpg,1920,1080,bee,1762,780,1889,958
frame1028.jpg,1920,1080,bee,513,863,670,991
frame1028.jpg,1920,1080,bee,985,892,1106,991
frame1028.jpg,1920,1080,bee,315,889,408,984
frame1028.jpg,1920,1080,bee,1181,896,1253,995
frame1028.jpg,1920,1080,bee,174,857,300,989
frame1028.jpg,1920,1080,bee,1672,806,1781,965
frame1028.jpg,1920,1080,bee,899,623,1017,852
frame1028.jpg,1920,1080,bee,713,450,910,628
frame1028.jpg,1920,1080,bee,1134,348,1270,557
frame1028.jpg,1920,1080,bee,296,306,483,552
frame1028.jpg,1920,1080,bee,787,91,932,243
frame1028.jpg,1920,1080,bee,1005,657,1145,888
frame1028.jpg,1920,1080,bee,1740,759,1869,942
frame1029.jpg,1920,1080,bee,1121,869,1283,1014
frame1029.jpg,1920,1080,bee,325,909,413,980
frame1029.jpg,1920,1080,bee,538,865,647,986
frame1029.jpg,1920,1080,bee,181,879,304,982
frame1029.jpg,1920,1080,bee,1740,752,1900,925
frame1029.jpg,1920,1080,bee,890,635,1015,850
frame1029.jpg,1920,1080,bee,742,473,927,622
frame1029.jpg,1920,1080,bee,1222,447,1335,611
frame1029.jpg,1920,1080,bee,288,386,457,590
frame1029.jpg,1920,1080,bee,970,44,1130,188
frame1029.jpg,1920,1080,bee,983,699,1138,889
frame1029.jpg,1920,1080,bee,960,814,1115,1004
frame1029.jpg,1920,1080,bee,1652,786,1812,959
frame103.jpg,1920,1080,bee,1032,872,1189,1008
frame103.jpg,1920,1080,bee,1570,889,1762,993
frame103.jpg,1920,1080,bee,1262,827,1415,1012
frame1030.jpg,1920,1080,bee,1108,880,1262,1020
frame1030.jpg,1920,1080,bee,1670,827,1791,963
frame1030.jpg,1920,1080,bee,341,908,417,991
frame1030.jpg,1920,1080,bee,562,874,647,982
frame1030.jpg,1920,1080,bee,181,879,290,935
frame1030.jpg,1920,1080,bee,1736,737,1891,901
frame1030.jpg,1920,1080,bee,889,610,994,820
frame1030.jpg,1920,1080,bee,1200,489,1379,697
frame1030.jpg,1920,1080,bee,753,457,931,611
frame1030.jpg,1920,1080,bee,451,433,619,620
frame1030.jpg,1920,1080,bee,1206,1,1346,131
frame1030.jpg,1920,1080,bee,997,706,1115,886
frame1030.jpg,1920,1080,bee,978,859,1096,1016
frame1031.jpg,1920,1080,bee,1108,892,1251,995
frame1031.jpg,1920,1080,bee,1347,884,1474,963
frame1031.jpg,1920,1080,bee,1723,735,1894,920
frame1031.jpg,1920,1080,bee,842,630,1006,810
frame1031.jpg,1920,1080,bee,1149,526,1335,731
frame1031.jpg,1920,1080,bee,692,453,836,652
frame1031.jpg,1920,1080,bee,1429,1,1562,103
frame1031.jpg,1920,1080,bee,130,837,323,991
frame1031.jpg,1920,1080,bee,1636,778,1807,963
frame1031.jpg,1920,1080,bee,948,883,1091,986
frame1031.jpg,1920,1080,bee,764,414,908,613
frame1031.jpg,1920,1080,bee,978,726,1142,906
frame1032.jpg,1920,1080,bee,1084,925,1231,1033
frame1032.jpg,1920,1080,bee,993,753,1141,926
frame1032.jpg,1920,1080,bee,328,912,430,988
frame1032.jpg,1920,1080,bee,577,916,665,979
frame1032.jpg,1920,1080,bee,1348,890,1475,969
frame1032.jpg,1920,1080,bee,183,881,313,981
frame1032.jpg,1920,1080,bee,1717,678,1893,868
frame1032.jpg,1920,1080,bee,1106,544,1232,737
frame1032.jpg,1920,1080,bee,725,395,924,612
frame1032.jpg,1920,1080,bee,869,452,1041,671
frame1032.jpg,1920,1080,bee,835,602,996,812
frame1032.jpg,1920,1080,bee,1172,786,1316,941
frame1032.jpg,1920,1080,bee,1656,815,1828,953
frame1032.jpg,1920,1080,bee,1544,1,1665,75
frame1033.jpg,1920,1080,bee,1003,790,1120,936
frame1033.jpg,1920,1080,bee,593,915,669,978
frame1033.jpg,1920,1080,bee,324,899,425,986
frame1033.jpg,1920,1080,bee,1292,882,1473,972
frame1033.jpg,1920,1080,bee,182,877,306,979
frame1033.jpg,1920,1080,bee,1672,836,1856,955
frame1033.jpg,1920,1080,bee,800,603,990,816
frame1033.jpg,1920,1080,bee,1730,581,1847,709
frame1033.jpg,1920,1080,bee,1024,481,1161,691
frame1033.jpg,1920,1080,bee,754,435,915,591
frame1033.jpg,1920,1080,bee,1097,574,1234,784
frame1033.jpg,1920,1080,bee,1184,539,1316,713
frame1033.jpg,1920,1080,bee,948,827,1065,973
frame1033.jpg,1920,1080,bee,1101,886,1259,1002
frame1033.jpg,1920,1080,bee,1604,1,1713,82
frame1034.jpg,1920,1080,bee,569,924,691,984
frame1034.jpg,1920,1080,bee,985,817,1124,940
frame1034.jpg,1920,1080,bee,329,918,439,985
frame1034.jpg,1920,1080,bee,183,862,310,993
frame1034.jpg,1920,1080,bee,1286,877,1437,972
frame1034.jpg,1920,1080,bee,1680,839,1806,954
frame1034.jpg,1920,1080,bee,822,632,978,795
frame1034.jpg,1920,1080,bee,730,386,903,596
frame1034.jpg,1920,1080,bee,1680,400,1815,524
frame1034.jpg,1920,1080,bee,1034,453,1206,726
frame1034.jpg,1920,1080,bee,1656,1,1774,99
frame1034.jpg,1920,1080,bee,1173,327,1307,515
frame1034.jpg,1920,1080,bee,1091,626,1232,820
frame1034.jpg,1920,1080,bee,1038,895,1177,1018
frame1034.jpg,1920,1080,bee,951,866,1090,989
frame1035.jpg,1920,1080,bee,919,883,1059,978
frame1035.jpg,1920,1080,bee,975,807,1123,912
frame1035.jpg,1920,1080,bee,326,902,408,984
frame1035.jpg,1920,1080,bee,183,862,297,985
frame1035.jpg,1920,1080,bee,1682,841,1796,953
frame1035.jpg,1920,1080,bee,1069,659,1263,844
frame1035.jpg,1920,1080,bee,925,485,1135,702
frame1035.jpg,1920,1080,bee,732,377,897,589
frame1035.jpg,1920,1080,bee,1562,246,1706,359
frame1035.jpg,1920,1080,bee,1168,184,1349,344
frame1035.jpg,1920,1080,bee,1693,1,1811,137
frame1035.jpg,1920,1080,bee,767,592,961,777
frame1035.jpg,1920,1080,bee,1278,858,1426,963
frame1036.jpg,1920,1080,bee,328,908,425,995
frame1036.jpg,1920,1080,bee,177,880,304,995
frame1036.jpg,1920,1080,bee,1682,844,1841,965
frame1036.jpg,1920,1080,bee,1085,661,1238,857
frame1036.jpg,1920,1080,bee,747,421,865,581
frame1036.jpg,1920,1080,bee,1421,122,1555,238
frame1036.jpg,1920,1080,bee,1717,1,1842,120
frame1036.jpg,1920,1080,bee,1127,1,1319,140
frame1036.jpg,1920,1080,bee,1008,922,1200,1054
frame1036.jpg,1920,1080,bee,1002,818,1108,984
frame1036.jpg,1920,1080,bee,1266,852,1400,1018
frame1036.jpg,1920,1080,bee,759,460,945,666
frame1036.jpg,1920,1080,bee,787,599,956,775
frame1037.jpg,1920,1080,bee,1011,821,1130,934
frame1037.jpg,1920,1080,bee,940,881,1079,984
frame1037.jpg,1920,1080,bee,1235,844,1379,967
frame1037.jpg,1920,1080,bee,191,893,316,979
frame1037.jpg,1920,1080,bee,1679,853,1814,958
frame1037.jpg,1920,1080,bee,1072,669,1237,858
frame1037.jpg,1920,1080,bee,754,599,959,778
frame1037.jpg,1920,1080,bee,614,422,761,633
frame1037.jpg,1920,1080,bee,1710,1,1852,112
frame1037.jpg,1920,1080,bee,1298,1,1424,115
frame1037.jpg,1920,1080,bee,720,380,867,591
frame1038.jpg,1920,1080,bee,1222,860,1385,978
frame1038.jpg,1920,1080,bee,178,884,318,974
frame1038.jpg,1920,1080,bee,1672,850,1804,967
frame1038.jpg,1920,1080,bee,1087,677,1266,860
frame1038.jpg,1920,1080,bee,737,597,942,782
frame1038.jpg,1920,1080,bee,449,393,632,630
frame1038.jpg,1920,1080,bee,699,362,875,562
frame1038.jpg,1920,1080,bee,1668,1,1808,96
frame1038.jpg,1920,1080,bee,304,905,444,995
frame1038.jpg,1920,1080,bee,971,906,1152,1044
frame1038.jpg,1920,1080,bee,939,830,1120,968
frame1039.jpg,1920,1080,bee,955,871,1076,952
frame1039.jpg,1920,1080,bee,293,896,425,992
frame1039.jpg,1920,1080,bee,1192,877,1365,1000
frame1039.jpg,1920,1080,bee,189,875,334,984
frame1039.jpg,1920,1080,bee,1662,833,1807,954
frame1039.jpg,1920,1080,bee,1065,685,1235,870
frame1039.jpg,1920,1080,bee,728,595,918,786
frame1039.jpg,1920,1080,bee,686,360,871,547
frame1039.jpg,1920,1080,bee,321,375,530,608
frame1039.jpg,1920,1080,bee,1601,1,1803,119
frame104.jpg,1920,1080,bee,1635,902,1745,981
frame104.jpg,1920,1080,bee,985,860,1206,1005
frame104.jpg,1920,1080,bee,1228,825,1432,993
frame1040.jpg,1920,1080,bee,923,935,1132,1027
frame1040.jpg,1920,1080,bee,316,902,425,989
frame1040.jpg,1920,1080,bee,187,879,313,985
frame1040.jpg,1920,1080,bee,1182,885,1354,977
frame1040.jpg,1920,1080,bee,917,857,1052,993
frame1040.jpg,1920,1080,bee,1680,847,1825,955
frame1040.jpg,1920,1080,bee,1078,703,1249,874
frame1040.jpg,1920,1080,bee,729,565,923,761
frame1040.jpg,1920,1080,bee,186,368,401,615
frame1040.jpg,1920,1080,bee,680,341,865,531
frame1040.jpg,1920,1080,bee,1627,1,1754,147
frame1041.jpg,1920,1080,bee,1805,937,1845,963
frame1041.jpg,1920,1080,bee,326,924,427,998
frame1041.jpg,1920,1080,bee,248,882,304,991
frame1041.jpg,1920,1080,bee,179,900,300,984
frame1041.jpg,1920,1080,bee,928,924,1113,1043
frame1041.jpg,1920,1080,bee,1152,861,1313,975
frame1041.jpg,1920,1080,bee,1681,848,1844,922
frame1041.jpg,1920,1080,bee,1032,691,1224,877
frame1041.jpg,1920,1080,bee,717,577,939,775
frame1041.jpg,1920,1080,bee,112,412,256,620
frame1041.jpg,1920,1080,bee,647,330,866,547
frame1041.jpg,1920,1080,bee,1624,23,1801,194
frame1042.jpg,1920,1080,bee,910,907,1085,1015
frame1042.jpg,1920,1080,bee,183,878,303,984
frame1042.jpg,1920,1080,bee,1669,845,1830,955
frame1042.jpg,1920,1080,bee,1042,710,1168,879
frame1042.jpg,1920,1080,bee,731,569,928,751
frame1042.jpg,1920,1080,bee,56,458,245,668
frame1042.jpg,1920,1080,bee,639,337,835,527
frame1042.jpg,1920,1080,bee,1630,80,1807,292
frame1042.jpg,1920,1080,bee,1630,1,1786,188
frame1042.jpg,1920,1080,bee,307,888,427,994
frame1042.jpg,1920,1080,bee,1155,730,1303,840
frame1043.jpg,1920,1080,bee,180,882,353,996
frame1043.jpg,1920,1080,bee,888,860,985,932
frame1043.jpg,1920,1080,bee,1670,840,1846,958
frame1043.jpg,1920,1080,bee,1050,736,1219,932
frame1043.jpg,1920,1080,bee,716,548,937,765
frame1043.jpg,1920,1080,bee,1102,575,1269,671
frame1043.jpg,1920,1080,bee,80,510,225,734
frame1043.jpg,1920,1080,bee,617,315,827,513
frame1043.jpg,1920,1080,bee,1638,95,1820,286
frame1043.jpg,1920,1080,bee,1644,254,1826,446
frame1044.jpg,1920,1080,bee,327,923,427,988
frame1044.jpg,1920,1080,bee,1308,898,1417,979
frame1044.jpg,1920,1080,bee,179,885,314,985
frame1044.jpg,1920,1080,bee,931,898,1100,1005
frame1044.jpg,1920,1080,bee,1670,822,1851,951
frame1044.jpg,1920,1080,bee,1037,735,1200,920
frame1044.jpg,1920,1080,bee,755,547,913,758
frame1044.jpg,1920,1080,bee,137,550,276,753
frame1044.jpg,1920,1080,bee,1067,348,1225,477
frame1044.jpg,1920,1080,bee,607,310,823,479
frame1044.jpg,1920,1080,bee,1669,246,1859,440
frame1044.jpg,1920,1080,bee,1365,1,1463,68
frame1044.jpg,1920,1080,bee,1649,375,1817,569
frame1044.jpg,1920,1080,bee,831,702,993,829
frame1045.jpg,1920,1080,bee,924,878,1103,1006
frame1045.jpg,1920,1080,bee,1327,891,1421,974
frame1045.jpg,1920,1080,bee,299,906,430,989
frame1045.jpg,1920,1080,bee,182,885,312,983
frame1045.jpg,1920,1080,bee,1679,827,1851,955
frame1045.jpg,1920,1080,bee,1040,754,1198,926
frame1045.jpg,1920,1080,bee,161,570,403,729
frame1045.jpg,1920,1080,bee,1626,508,1762,715
frame1045.jpg,1920,1080,bee,608,296,820,482
frame1045.jpg,1920,1080,bee,1033,96,1164,240
frame1045.jpg,1920,1080,bee,1285,10,1400,141
frame1045.jpg,1920,1080,bee,713,444,925,630
frame1045.jpg,1920,1080,bee,725,543,937,729
frame1045.jpg,1920,1080,bee,1702,401,1858,609
frame1046.jpg,1920,1080,bee,1323,881,1430,982
frame1046.jpg,1920,1080,bee,1661,833,1824,966
frame1046.jpg,1920,1080,bee,921,878,1134,1005
frame1046.jpg,1920,1080,bee,183,888,335,1002
frame1046.jpg,1920,1080,bee,1030,785,1192,934
frame1046.jpg,1920,1080,bee,1577,623,1778,840
frame1046.jpg,1920,1080,bee,782,565,932,746
frame1046.jpg,1920,1080,bee,161,522,335,631
frame1046.jpg,1920,1080,bee,625,333,808,474
frame1046.jpg,1920,1080,bee,638,191,816,327
frame1046.jpg,1920,1080,bee,1179,25,1295,156
frame1047.jpg,1920,1080,bee,935,854,1097,1008
frame1047.jpg,1920,1080,bee,1324,885,1441,979
frame1047.jpg,1920,1080,bee,186,877,321,992
frame1047.jpg,1920,1080,bee,1034,790,1204,940
frame1047.jpg,1920,1080,bee,1556,714,1759,878
frame1047.jpg,1920,1080,bee,771,518,918,726
frame1047.jpg,1920,1080,bee,72,414,268,547
frame1047.jpg,1920,1080,bee,568,288,799,458
frame1047.jpg,1920,1080,bee,1037,1,1270,198
frame1047.jpg,1920,1080,bee,1524,823,1655,969
frame1047.jpg,1920,1080,bee,1670,827,1832,972
frame1048.jpg,1920,1080,bee,197,881,325,991
frame1048.jpg,1920,1080,bee,1663,843,1825,957
frame1048.jpg,1920,1080,bee,1027,808,1179,942
frame1048.jpg,1920,1080,bee,1549,711,1762,875
frame1048.jpg,1920,1080,bee,772,512,927,725
frame1048.jpg,1920,1080,bee,10,296,207,475
frame1048.jpg,1920,1080,bee,568,300,787,449
frame1048.jpg,1920,1080,bee,925,46,1158,240
frame1048.jpg,1920,1080,bee,914,857,1101,1006
frame1048.jpg,1920,1080,bee,1524,818,1651,964
frame1049.jpg,1920,1080,bee,934,859,1094,998
frame1049.jpg,1920,1080,bee,201,882,310,988
frame1049.jpg,1920,1080,bee,1308,871,1431,981
frame1049.jpg,1920,1080,bee,1033,809,1177,969
frame1049.jpg,1920,1080,bee,1569,701,1755,858
frame1049.jpg,1920,1080,bee,773,509,927,721
frame1049.jpg,1920,1080,bee,556,296,763,447
frame1049.jpg,1920,1080,bee,1,285,163,447
frame1049.jpg,1920,1080,bee,820,119,1027,298
frame1049.jpg,1920,1080,bee,1530,815,1665,967
frame1049.jpg,1920,1080,bee,1677,847,1806,972
frame105.jpg,1920,1080,bee,1256,812,1407,988
frame105.jpg,1920,1080,bee,1,541,13,563
frame105.jpg,1920,1080,bee,1,518,12,540
frame105.jpg,1920,1080,bee,1011,817,1182,993
frame105.jpg,1920,1080,bee,1625,885,1759,981
frame1050.jpg,1920,1080,bee,937,858,1086,1009
frame1050.jpg,1920,1080,bee,194,879,307,986
frame1050.jpg,1920,1080,bee,1289,875,1448,982
frame1050.jpg,1920,1080,bee,1043,805,1185,936
frame1050.jpg,1920,1080,bee,1570,714,1756,875
frame1050.jpg,1920,1080,bee,777,504,921,706
frame1050.jpg,1920,1080,bee,1,313,127,450
frame1050.jpg,1920,1080,bee,538,271,763,446
frame1050.jpg,1920,1080,bee,757,198,897,354
frame1050.jpg,1920,1080,bee,1525,809,1680,958
frame1050.jpg,1920,1080,bee,1666,812,1821,961
frame1051.jpg,1920,1080,bee,902,852,1085,1009
frame1051.jpg,1920,1080,bee,193,879,318,988
frame1051.jpg,1920,1080,bee,1304,878,1430,992
frame1051.jpg,1920,1080,bee,1046,805,1176,946
frame1051.jpg,1920,1080,bee,1565,703,1752,884
frame1051.jpg,1920,1080,bee,730,498,930,715
frame1051.jpg,1920,1080,bee,1,322,85,437
frame1051.jpg,1920,1080,bee,538,275,723,434
frame1051.jpg,1920,1080,bee,682,219,811,385
frame1051.jpg,1920,1080,bee,1535,836,1685,967
frame1051.jpg,1920,1080,bee,1677,837,1827,968
frame1052.jpg,1920,1080,bee,197,882,316,989
frame1052.jpg,1920,1080,bee,1307,885,1427,995
frame1052.jpg,1920,1080,bee,924,844,1086,985
frame1052.jpg,1920,1080,bee,1044,832,1167,948
frame1052.jpg,1920,1080,bee,1559,713,1752,879
frame1052.jpg,1920,1080,bee,731,493,934,696
frame1052.jpg,1920,1080,bee,654,257,775,440
frame1052.jpg,1920,1080,bee,527,276,687,451
frame1052.jpg,1920,1080,bee,1542,833,1680,978
frame1052.jpg,1920,1080,bee,1668,867,1801,970
frame1053.jpg,1920,1080,bee,197,861,316,982
frame1053.jpg,1920,1080,bee,1296,868,1427,1002
frame1053.jpg,1920,1080,bee,1696,877,1804,967
frame1053.jpg,1920,1080,bee,1010,845,1154,953
frame1053.jpg,1920,1080,bee,875,785,1044,924
frame1053.jpg,1920,1080,bee,1558,713,1752,872
frame1053.jpg,1920,1080,bee,735,498,936,709
frame1053.jpg,1920,1080,bee,506,286,675,462
frame1053.jpg,1920,1080,bee,633,315,761,475
frame1053.jpg,1920,1080,bee,1531,858,1680,960
frame1054.jpg,1920,1080,bee,1289,881,1434,1005
frame1054.jpg,1920,1080,bee,204,879,299,986
frame1054.jpg,1920,1080,bee,987,815,1155,978
frame1054.jpg,1920,1080,bee,1569,705,1756,884
frame1054.jpg,1920,1080,bee,738,489,894,692
frame1054.jpg,1920,1080,bee,492,289,680,465
frame1054.jpg,1920,1080,bee,663,346,813,530
frame1055.jpg,1920,1080,bee,208,874,318,985
frame1055.jpg,1920,1080,bee,1713,892,1801,967
frame1055.jpg,1920,1080,bee,1290,862,1401,985
frame1055.jpg,1920,1080,bee,970,834,1145,974
frame1055.jpg,1920,1080,bee,1556,710,1754,882
frame1055.jpg,1920,1080,bee,703,403,852,558
frame1055.jpg,1920,1080,bee,513,309,680,479
frame1055.jpg,1920,1080,bee,749,279,934,415
frame1055.jpg,1920,1080,bee,728,510,949,693
frame1056.jpg,1920,1080,bee,220,884,313,986
frame1056.jpg,1920,1080,bee,966,833,1147,977
frame1056.jpg,1920,1080,bee,1247,808,1366,958
frame1056.jpg,1920,1080,bee,1568,702,1755,884
frame1056.jpg,1920,1080,bee,729,428,870,577
frame1056.jpg,1920,1080,bee,473,302,662,492
frame1056.jpg,1920,1080,bee,631,36,838,164
frame1056.jpg,1920,1080,bee,732,553,942,698
frame1057.jpg,1920,1080,bee,227,888,310,982
frame1057.jpg,1920,1080,bee,982,847,1120,977
frame1057.jpg,1920,1080,bee,1187,723,1326,853
frame1057.jpg,1920,1080,bee,1569,696,1753,884
frame1057.jpg,1920,1080,bee,736,533,907,706
frame1057.jpg,1920,1080,bee,477,316,649,509
frame1057.jpg,1920,1080,bee,723,460,896,596
frame1058.jpg,1920,1080,bee,966,858,1121,980
frame1058.jpg,1920,1080,bee,238,884,311,989
frame1058.jpg,1920,1080,bee,1589,709,1756,885
frame1058.jpg,1920,1080,bee,1074,642,1243,742
frame1058.jpg,1920,1080,bee,752,484,887,698
frame1058.jpg,1920,1080,bee,475,338,638,527
frame1058.jpg,1920,1080,bee,730,547,849,698
frame1059.jpg,1920,1080,bee,241,877,331,992
frame1059.jpg,1920,1080,bee,992,855,1097,975
frame1059.jpg,1920,1080,bee,1567,703,1751,902
frame1059.jpg,1920,1080,bee,706,620,875,786
frame1059.jpg,1920,1080,bee,934,499,1117,590
frame1059.jpg,1920,1080,bee,466,354,651,539
frame1059.jpg,1920,1080,bee,587,1,679,88
frame1059.jpg,1920,1080,bee,745,478,886,678
frame106.jpg,1920,1080,bee,1244,798,1441,998
frame106.jpg,1920,1080,bee,983,877,1168,999
frame106.jpg,1920,1080,bee,1637,898,1756,989
frame1060.jpg,1920,1080,bee,235,892,317,993
frame1060.jpg,1920,1080,bee,988,878,1086,985
frame1060.jpg,1920,1080,bee,1566,692,1754,885
frame1060.jpg,1920,1080,bee,737,684,895,867
frame1060.jpg,1920,1080,bee,749,460,907,669
frame1060.jpg,1920,1080,bee,452,369,645,550
frame1060.jpg,1920,1080,bee,793,335,974,427
frame1060.jpg,1920,1080,bee,552,17,673,174
frame1061.jpg,1920,1080,bee,673,747,852,900
frame1061.jpg,1920,1080,bee,1563,705,1752,885
frame1061.jpg,1920,1080,bee,727,450,899,661
frame1061.jpg,1920,1080,bee,470,380,638,575
frame1061.jpg,1920,1080,bee,563,85,676,243
frame1061.jpg,1920,1080,bee,648,112,825,241
frame1062.jpg,1920,1080,bee,572,800,723,958
frame1062.jpg,1920,1080,bee,1548,700,1752,887
frame1062.jpg,1920,1080,bee,721,443,894,649
frame1062.jpg,1920,1080,bee,468,378,644,571
frame1062.jpg,1920,1080,bee,545,106,670,273
frame1063.jpg,1920,1080,bee,241,915,332,989
frame1063.jpg,1920,1080,bee,606,879,713,981
frame1063.jpg,1920,1080,bee,1544,688,1743,889
frame1063.jpg,1920,1080,bee,711,443,891,644
frame1063.jpg,1920,1080,bee,458,393,651,588
frame1063.jpg,1920,1080,bee,613,154,748,293
frame1064.jpg,1920,1080,bee,1532,705,1733,893
frame1064.jpg,1920,1080,bee,707,444,885,641
frame1064.jpg,1920,1080,bee,468,389,654,588
frame1064.jpg,1920,1080,bee,750,146,854,289
frame1065.jpg,1920,1080,bee,1530,709,1730,899
frame1065.jpg,1920,1080,bee,697,436,883,636
frame1065.jpg,1920,1080,bee,479,415,648,600
frame1065.jpg,1920,1080,bee,793,134,901,291
frame1066.jpg,1920,1080,bee,1527,712,1722,902
frame1066.jpg,1920,1080,bee,693,437,876,631
frame1066.jpg,1920,1080,bee,478,440,665,637
frame1066.jpg,1920,1080,bee,822,158,908,307
frame1067.jpg,1920,1080,bee,1549,708,1723,895
frame1067.jpg,1920,1080,bee,682,442,874,651
frame1067.jpg,1920,1080,bee,490,447,675,649
frame1067.jpg,1920,1080,bee,798,176,948,385
frame1068.jpg,1920,1080,bee,1536,703,1719,903
frame1068.jpg,1920,1080,bee,675,447,874,625
frame1068.jpg,1920,1080,bee,496,462,668,650
frame1068.jpg,1920,1080,bee,845,276,989,464
frame1069.jpg,1920,1080,bee,1549,708,1719,915
frame1069.jpg,1920,1080,bee,504,472,674,657
frame1069.jpg,1920,1080,bee,864,365,1053,557
frame1069.jpg,1920,1080,bee,666,457,857,644
frame107.jpg,1920,1080,bee,1627,903,1773,1010
frame107.jpg,1920,1080,bee,976,864,1158,1006
frame107.jpg,1920,1080,bee,1221,785,1413,997
frame1070.jpg,1920,1080,bee,1550,726,1710,917
frame1070.jpg,1920,1080,bee,513,475,673,677
frame1070.jpg,1920,1080,bee,924,433,1115,633
frame1070.jpg,1920,1080,bee,666,458,855,633
frame1071.jpg,1920,1080,bee,1545,717,1721,914
frame1071.jpg,1920,1080,bee,971,498,1138,715
frame1071.jpg,1920,1080,bee,507,531,676,730
frame1071.jpg,1920,1080,bee,649,441,848,631
frame1072.jpg,1920,1080,bee,1552,719,1717,913
frame1072.jpg,1920,1080,bee,934,572,1122,782
frame1072.jpg,1920,1080,bee,513,537,676,727
frame1072.jpg,1920,1080,bee,646,451,851,624
frame1073.jpg,1920,1080,bee,1558,740,1716,912
frame1073.jpg,1920,1080,bee,886,611,1073,813
frame1073.jpg,1920,1080,bee,531,539,687,754
frame1073.jpg,1920,1080,bee,648,451,854,631
frame1074.jpg,1920,1080,bee,1552,731,1716,911
frame1074.jpg,1920,1080,bee,880,610,1063,805
frame1074.jpg,1920,1080,bee,530,587,690,777
frame1074.jpg,1920,1080,bee,644,440,842,623
frame1075.jpg,1920,1080,bee,1554,733,1716,912
frame1075.jpg,1920,1080,bee,918,605,1095,808
frame1075.jpg,1920,1080,bee,544,605,686,776
frame1075.jpg,1920,1080,bee,639,434,848,637
frame1076.jpg,1920,1080,bee,1547,726,1723,923
frame1076.jpg,1920,1080,bee,931,606,1096,811
frame1076.jpg,1920,1080,bee,531,618,692,791
frame1076.jpg,1920,1080,bee,647,431,847,636
frame1077.jpg,1920,1080,bee,1550,745,1737,931
frame1077.jpg,1920,1080,bee,921,622,1101,817
frame1077.jpg,1920,1080,bee,528,620,687,803
frame1077.jpg,1920,1080,bee,639,419,852,636
frame1078.jpg,1920,1080,bee,1563,747,1727,940
frame1078.jpg,1920,1080,bee,927,615,1107,824
frame1078.jpg,1920,1080,bee,534,636,682,826
frame1078.jpg,1920,1080,bee,654,433,844,641
frame1079.jpg,1920,1080,bee,1565,771,1738,946
frame1079.jpg,1920,1080,bee,535,650,687,842
frame1079.jpg,1920,1080,bee,931,626,1116,826
frame1079.jpg,1920,1080,bee,648,440,845,643
frame108.jpg,1920,1080,bee,932,846,1141,1003
frame108.jpg,1920,1080,bee,1214,768,1417,995
frame1080.jpg,1920,1080,bee,1580,769,1748,943
frame1080.jpg,1920,1080,bee,535,668,696,860
frame1080.jpg,1920,1080,bee,927,637,1116,831
frame1080.jpg,1920,1080,bee,652,439,849,640
frame1081.jpg,1920,1080,bee,1594,784,1768,946
frame1081.jpg,1920,1080,bee,532,681,696,864
frame1081.jpg,1920,1080,bee,941,646,1132,837
frame1081.jpg,1920,1080,bee,656,427,852,640
frame1082.jpg,1920,1080,bee,1603,785,1756,950
frame1082.jpg,1920,1080,bee,551,698,709,870
frame1082.jpg,1920,1080,bee,956,674,1170,871
frame1082.jpg,1920,1080,bee,652,440,851,639
frame1083.jpg,1920,1080,bee,1592,792,1761,953
frame1083.jpg,1920,1080,bee,557,712,718,895
frame1083.jpg,1920,1080,bee,1023,706,1216,908
frame1083.jpg,1920,1080,bee,649,434,852,646
frame1084.jpg,1920,1080,bee,1604,827,1780,951
frame1084.jpg,1920,1080,bee,555,717,718,891
frame1084.jpg,1920,1080,bee,1024,712,1210,919
frame1084.jpg,1920,1080,bee,649,436,845,627
frame1084.jpg,1920,1080,bee,1428,1,1600,153
frame1085.jpg,1920,1080,bee,1589,834,1789,950
frame1085.jpg,1920,1080,bee,539,734,728,903
frame1085.jpg,1920,1080,bee,1023,723,1172,920
frame1085.jpg,1920,1080,bee,647,400,811,560
frame1085.jpg,1920,1080,bee,1407,36,1637,236
frame1086.jpg,1920,1080,bee,1613,826,1793,951
frame1086.jpg,1920,1080,bee,555,739,731,905
frame1086.jpg,1920,1080,bee,1024,722,1205,925
frame1086.jpg,1920,1080,bee,635,289,787,441
frame1086.jpg,1920,1080,bee,1352,131,1583,324
frame1087.jpg,1920,1080,bee,1644,833,1775,960
frame1087.jpg,1920,1080,bee,576,751,734,904
frame1087.jpg,1920,1080,bee,1028,731,1209,924
frame1087.jpg,1920,1080,bee,1216,227,1449,399
frame1087.jpg,1920,1080,bee,611,113,763,278
frame1088.jpg,1920,1080,bee,1642,829,1790,953
frame1088.jpg,1920,1080,bee,575,740,740,929
frame1088.jpg,1920,1080,bee,1044,736,1214,924
frame1088.jpg,1920,1080,bee,1072,290,1278,427
frame1088.jpg,1920,1080,bee,596,1,722,76
frame1089.jpg,1920,1080,bee,1627,840,1783,947
frame1089.jpg,1920,1080,bee,583,757,769,929
frame1089.jpg,1920,1080,bee,1056,742,1203,927
frame1089.jpg,1920,1080,bee,868,306,1089,447
frame109.jpg,1920,1080,bee,925,868,1125,995
frame109.jpg,1920,1080,bee,1228,763,1406,985
frame1090.jpg,1920,1080,bee,1629,858,1786,955
frame1090.jpg,1920,1080,bee,576,757,778,928
frame1090.jpg,1920,1080,bee,1039,741,1208,922
frame1090.jpg,1920,1080,bee,685,295,904,433
frame1091.jpg,1920,1080,bee,589,775,796,928
frame1091.jpg,1920,1080,bee,1055,769,1221,921
frame1091.jpg,1920,1080,bee,485,239,710,378
frame1092.jpg,1920,1080,bee,1686,888,1775,950
frame1092.jpg,1920,1080,bee,613,774,797,928
frame1092.jpg,1920,1080,bee,1066,768,1230,921
frame1092.jpg,1920,1080,bee,299,182,520,334
frame1093.jpg,1920,1080,bee,1675,881,1789,953
frame1093.jpg,1920,1080,bee,605,757,804,927
frame1093.jpg,1920,1080,bee,1062,768,1234,919
frame1093.jpg,1920,1080,bee,134,122,370,309
frame1093.jpg,1920,1080,bee,1213,902,1366,975
frame1094.jpg,1920,1080,bee,1678,874,1789,947
frame1094.jpg,1920,1080,bee,625,771,806,926
frame1094.jpg,1920,1080,bee,1072,774,1240,919
frame1094.jpg,1920,1080,bee,25,120,234,303
frame1094.jpg,1920,1080,bee,1209,898,1352,970
frame1095.jpg,1920,1080,bee,1215,914,1348,969
frame1095.jpg,1920,1080,bee,1679,888,1773,953
frame1095.jpg,1920,1080,bee,624,774,822,927
frame1095.jpg,1920,1080,bee,1063,774,1236,919
frame1095.jpg,1920,1080,bee,1,123,145,300
frame1096.jpg,1920,1080,bee,1700,903,1763,951
frame1096.jpg,1920,1080,bee,634,786,833,928
frame1096.jpg,1920,1080,bee,1072,781,1243,919
frame1096.jpg,1920,1080,bee,1,163,103,312
frame1096.jpg,1920,1080,bee,1203,913,1348,961
frame1097.jpg,1920,1080,bee,651,778,852,927
frame1097.jpg,1920,1080,bee,1070,774,1234,919
frame1097.jpg,1920,1080,bee,1,192,155,379
frame1097.jpg,1920,1080,bee,1194,898,1327,968
frame1098.jpg,1920,1080,bee,674,782,866,926
frame1098.jpg,1920,1080,bee,1079,769,1241,919
frame1098.jpg,1920,1080,bee,118,258,251,431
frame1098.jpg,1920,1080,bee,1328,1,1496,91
frame1099.jpg,1920,1080,bee,693,771,872,927
frame1099.jpg,1920,1080,bee,1066,789,1246,919
frame1099.jpg,1920,1080,bee,234,312,390,499
frame1099.jpg,1920,1080,bee,1299,1,1423,158
frame11.jpg,1920,1080,bee,1168,740,1311,969
frame11.jpg,1920,1080,bee,760,593,872,754
frame11.jpg,1920,1080,bee,1094,442,1308,572
frame110.jpg,1920,1080,bee,913,882,1131,986
frame110.jpg,1920,1080,bee,1195,747,1390,972
frame1100.jpg,1920,1080,bee,714,772,911,926
frame1100.jpg,1920,1080,bee,1070,777,1234,926
frame1100.jpg,1920,1080,bee,300,326,487,529
frame1100.jpg,1920,1080,bee,1193,68,1339,261
frame1100.jpg,1920,1080,bee,1182,889,1342,972
frame1101.jpg,1920,1080,bee,714,767,913,922
frame1101.jpg,1920,1080,bee,1079,781,1224,926
frame1101.jpg,1920,1080,bee,356,349,551,550
frame1101.jpg,1920,1080,bee,1180,165,1299,344
frame1101.jpg,1920,1080,bee,1185,868,1335,960
frame1102.jpg,1920,1080,bee,1082,788,1241,931
frame1102.jpg,1920,1080,bee,723,747,928,926
frame1102.jpg,1920,1080,bee,385,368,580,575
frame1102.jpg,1920,1080,bee,1208,270,1344,436
frame1102.jpg,1920,1080,bee,1201,861,1337,972
frame1103.jpg,1920,1080,bee,1076,785,1237,941
frame1103.jpg,1920,1080,bee,736,758,939,925
frame1103.jpg,1920,1080,bee,342,394,521,593
frame1103.jpg,1920,1080,bee,1173,320,1352,491
frame1103.jpg,1920,1080,bee,1188,864,1342,959
frame1104.jpg,1920,1080,bee,1054,870,1167,974
frame1104.jpg,1920,1080,bee,1203,882,1330,960
frame1104.jpg,1920,1080,bee,1118,791,1225,940
frame1104.jpg,1920,1080,bee,747,746,939,913
frame1104.jpg,1920,1080,bee,311,405,468,584
frame1104.jpg,1920,1080,bee,1130,368,1292,522
frame1105.jpg,1920,1080,bee,1208,864,1328,978
frame1105.jpg,1920,1080,bee,1092,800,1223,962
frame1105.jpg,1920,1080,bee,749,726,962,903
frame1105.jpg,1920,1080,bee,299,400,463,603
frame1105.jpg,1920,1080,bee,1039,406,1163,565
frame1105.jpg,1920,1080,bee,931,1,1048,99
frame1105.jpg,1920,1080,bee,1028,881,1134,969
frame1106.jpg,1920,1080,bee,1035,892,1124,964
frame1106.jpg,1920,1080,bee,1201,867,1331,959
frame1106.jpg,1920,1080,bee,1087,792,1217,953
frame1106.jpg,1920,1080,bee,757,744,952,898
frame1106.jpg,1920,1080,bee,965,448,1124,651
frame1106.jpg,1920,1080,bee,314,392,541,622
frame1106.jpg,1920,1080,bee,880,1,1028,193
frame1107.jpg,1920,1080,bee,1014,864,1124,964
frame1107.jpg,1920,1080,bee,1076,778,1230,967
frame1107.jpg,1920,1080,bee,744,752,959,890
frame1107.jpg,1920,1080,bee,955,502,1111,699
frame1107.jpg,1920,1080,bee,386,431,586,640
frame1107.jpg,1920,1080,bee,825,86,968,288
frame1107.jpg,1920,1080,bee,1201,860,1337,966
frame1108.jpg,1920,1080,bee,996,874,1134,991
frame1108.jpg,1920,1080,bee,1084,784,1231,974
frame1108.jpg,1920,1080,bee,732,743,956,900
frame1108.jpg,1920,1080,bee,942,551,1113,699
frame1108.jpg,1920,1080,bee,473,459,614,675
frame1108.jpg,1920,1080,bee,796,185,928,385
frame1108.jpg,1920,1080,bee,1196,864,1334,981
frame1108.jpg,1920,1080,bee,624,875,751,969
frame1109.jpg,1920,1080,bee,656,876,747,974
frame1109.jpg,1920,1080,bee,991,859,1127,982
frame1109.jpg,1920,1080,bee,1072,793,1249,961
frame1109.jpg,1920,1080,bee,736,755,959,901
frame1109.jpg,1920,1080,bee,878,539,1034,703
frame1109.jpg,1920,1080,bee,439,481,627,692
frame1109.jpg,1920,1080,bee,741,302,869,485
frame1109.jpg,1920,1080,bee,1571,1,1700,67
frame1109.jpg,1920,1080,bee,1181,857,1327,969
frame111.jpg,1920,1080,bee,911,861,1131,997
frame111.jpg,1920,1080,bee,1189,750,1389,968
frame1110.jpg,1920,1080,bee,953,864,1128,995
frame1110.jpg,1920,1080,bee,650,871,741,975
frame1110.jpg,1920,1080,bee,1076,800,1223,968
frame1110.jpg,1920,1080,bee,741,747,960,896
frame1110.jpg,1920,1080,bee,846,508,994,698
frame1110.jpg,1920,1080,bee,382,499,542,699
frame1110.jpg,1920,1080,bee,711,368,827,572
frame1110.jpg,1920,1080,bee,1610,1,1734,169
frame1110.jpg,1920,1080,bee,1179,858,1338,964
frame1111.jpg,1920,1080,bee,644,884,742,972
frame1111.jpg,1920,1080,bee,966,862,1108,978
frame1111.jpg,1920,1080,bee,1198,868,1319,974
frame1111.jpg,1920,1080,bee,1083,808,1204,962
frame1111.jpg,1920,1080,bee,756,746,947,903
frame1111.jpg,1920,1080,bee,875,527,1034,719
frame1111.jpg,1920,1080,bee,381,514,514,717
frame1111.jpg,1920,1080,bee,697,427,824,610
frame1111.jpg,1920,1080,bee,1616,1,1741,161
frame1112.jpg,1920,1080,bee,966,844,1096,978
frame1112.jpg,1920,1080,bee,659,904,739,974
frame1112.jpg,1920,1080,bee,1190,857,1331,978
frame1112.jpg,1920,1080,bee,1079,796,1206,975
frame1112.jpg,1920,1080,bee,858,586,1038,784
frame1112.jpg,1920,1080,bee,389,534,572,730
frame1112.jpg,1920,1080,bee,668,416,816,599
frame1112.jpg,1920,1080,bee,1583,20,1711,188
frame1112.jpg,1920,1080,bee,759,716,939,914
frame1113.jpg,1920,1080,bee,958,878,1106,986
frame1113.jpg,1920,1080,bee,666,910,736,966
frame1113.jpg,1920,1080,bee,1201,862,1313,982
frame1113.jpg,1920,1080,bee,1072,795,1183,982
frame1113.jpg,1920,1080,bee,774,720,914,903
frame1113.jpg,1920,1080,bee,385,520,563,722
frame1113.jpg,1920,1080,bee,603,402,761,603
frame1113.jpg,1920,1080,bee,1525,34,1668,208
frame1113.jpg,1920,1080,bee,888,666,1063,864
frame1114.jpg,1920,1080,bee,656,897,754,972
frame1114.jpg,1920,1080,bee,953,879,1113,986
frame1114.jpg,1920,1080,bee,1185,874,1318,978
frame1114.jpg,1920,1080,bee,1051,815,1185,968
frame1114.jpg,1920,1080,bee,769,710,920,905
frame1114.jpg,1920,1080,bee,325,525,538,698
frame1114.jpg,1920,1080,bee,545,402,717,599
frame1114.jpg,1920,1080,bee,1482,36,1639,203
frame1114.jpg,1920,1080,bee,873,708,1024,903
frame1115.jpg,1920,1080,bee,963,869,1108,992
frame1115.jpg,1920,1080,bee,1197,869,1313,979
frame1115.jpg,1920,1080,bee,1054,808,1180,978
frame1115.jpg,1920,1080,bee,779,691,924,879
frame1115.jpg,1920,1080,bee,203,515,403,658
frame1115.jpg,1920,1080,bee,524,412,663,600
frame1115.jpg,1920,1080,bee,1489,1,1648,168
frame1115.jpg,1920,1080,bee,810,815,965,963
frame1115.jpg,1920,1080,bee,648,889,747,969
frame1116.jpg,1920,1080,bee,733,866,892,957
frame1116.jpg,1920,1080,bee,1200,867,1316,971
frame1116.jpg,1920,1080,bee,1057,808,1193,969
frame1116.jpg,1920,1080,bee,768,687,923,892
frame1116.jpg,1920,1080,bee,52,485,276,639
frame1116.jpg,1920,1080,bee,491,409,659,614
frame1116.jpg,1920,1080,bee,1554,1,1703,126
frame1116.jpg,1920,1080,bee,949,871,1110,989
frame1116.jpg,1920,1080,bee,641,886,758,968
frame1117.jpg,1920,1080,bee,739,861,866,965
frame1117.jpg,1920,1080,bee,1197,865,1316,967
frame1117.jpg,1920,1080,bee,1047,787,1207,960
frame1117.jpg,1920,1080,bee,769,677,948,879
frame1117.jpg,1920,1080,bee,1,441,86,570
frame1117.jpg,1920,1080,bee,501,446,666,641
frame1117.jpg,1920,1080,bee,1682,1,1821,85
frame1117.jpg,1920,1080,bee,86,1,175,60
frame1117.jpg,1920,1080,bee,943,886,1100,984
frame1118.jpg,1920,1080,bee,757,834,835,975
frame1118.jpg,1920,1080,bee,1207,860,1352,962
frame1118.jpg,1920,1080,bee,1052,806,1200,968
frame1118.jpg,1920,1080,bee,769,672,969,839
frame1118.jpg,1920,1080,bee,565,472,699,668
frame1118.jpg,1920,1080,bee,1,1,159,109
frame1118.jpg,1920,1080,bee,657,882,731,969
frame1118.jpg,1920,1080,bee,936,875,1089,977
frame1119.jpg,1920,1080,bee,761,846,865,972
frame1119.jpg,1920,1080,bee,1186,851,1365,968
frame1119.jpg,1920,1080,bee,1050,804,1197,971
frame1119.jpg,1920,1080,bee,778,661,975,845
frame1119.jpg,1920,1080,bee,633,531,766,703
frame1119.jpg,1920,1080,bee,644,891,738,971
frame1119.jpg,1920,1080,bee,945,876,1101,974
frame112.jpg,1920,1080,bee,906,827,1118,978
frame112.jpg,1920,1080,bee,1205,759,1400,967
frame1120.jpg,1920,1080,bee,947,881,1104,992
frame1120.jpg,1920,1080,bee,1203,861,1344,971
frame1120.jpg,1920,1080,bee,761,843,864,971
frame1120.jpg,1920,1080,bee,1070,809,1192,967
frame1120.jpg,1920,1080,bee,775,649,959,834
frame1120.jpg,1920,1080,bee,581,594,723,800
frame1120.jpg,1920,1080,bee,638,889,728,971
frame1121.jpg,1920,1080,bee,1193,842,1348,964
frame1121.jpg,1920,1080,bee,935,885,1107,974
frame1121.jpg,1920,1080,bee,765,854,861,968
frame1121.jpg,1920,1080,bee,1052,807,1194,969
frame1121.jpg,1920,1080,bee,549,703,700,906
frame1121.jpg,1920,1080,bee,804,625,968,854
frame1122.jpg,1920,1080,bee,1182,846,1368,969
frame1122.jpg,1920,1080,bee,925,895,1093,984
frame1122.jpg,1920,1080,bee,762,869,851,969
frame1122.jpg,1920,1080,bee,1052,800,1193,978
frame1122.jpg,1920,1080,bee,538,796,665,964
frame1122.jpg,1920,1080,bee,808,610,968,813
frame1123.jpg,1920,1080,bee,753,881,855,972
frame1123.jpg,1920,1080,bee,1056,799,1180,969
frame1123.jpg,1920,1080,bee,534,840,693,965
frame1123.jpg,1920,1080,bee,814,612,975,810
frame1124.jpg,1920,1080,bee,933,881,1086,964
frame1124.jpg,1920,1080,bee,1063,799,1185,964
frame1124.jpg,1920,1080,bee,541,822,682,982
frame1124.jpg,1920,1080,bee,806,584,980,800
frame1124.jpg,1920,1080,bee,1176,841,1356,961
frame1125.jpg,1920,1080,bee,918,861,1079,993
frame1125.jpg,1920,1080,bee,511,820,708,971
frame1125.jpg,1920,1080,bee,1201,851,1334,978
frame1125.jpg,1920,1080,bee,816,593,989,812
frame1126.jpg,1920,1080,bee,909,862,1068,986
frame1126.jpg,1920,1080,bee,532,831,714,978
frame1126.jpg,1920,1080,bee,1051,812,1155,971
frame1126.jpg,1920,1080,bee,816,586,981,795
frame1126.jpg,1920,1080,bee,1184,844,1384,966
frame1127.jpg,1920,1080,bee,524,839,680,991
frame1127.jpg,1920,1080,bee,892,860,1085,999
frame1127.jpg,1920,1080,bee,816,571,979,788
frame1127.jpg,1920,1080,bee,35,292,197,481
frame1127.jpg,1920,1080,bee,1190,868,1373,975
frame1127.jpg,1920,1080,bee,1039,813,1155,966
frame1127.jpg,1920,1080,bee,1144,808,1259,958
frame1128.jpg,1920,1080,bee,896,863,1073,1000
frame1128.jpg,1920,1080,bee,538,857,690,995
frame1128.jpg,1920,1080,bee,1138,814,1263,975
frame1128.jpg,1920,1080,bee,806,579,991,796
frame1128.jpg,1920,1080,bee,176,279,323,478
frame1129.jpg,1920,1080,bee,645,863,742,968
frame1129.jpg,1920,1080,bee,922,855,1054,968
frame1129.jpg,1920,1080,bee,573,861,648,995
frame1129.jpg,1920,1080,bee,1040,819,1148,961
frame1129.jpg,1920,1080,bee,800,579,986,791
frame1129.jpg,1920,1080,bee,310,261,458,441
frame1129.jpg,1920,1080,bee,1131,840,1263,953
frame1129.jpg,1920,1080,bee,1201,855,1380,972
frame113.jpg,1920,1080,bee,886,769,1071,948
frame113.jpg,1920,1080,bee,1203,767,1416,978
frame1130.jpg,1920,1080,bee,909,866,1072,988
frame1130.jpg,1920,1080,bee,1207,819,1373,954
frame1130.jpg,1920,1080,bee,823,563,979,788
frame1130.jpg,1920,1080,bee,384,252,507,437
frame1130.jpg,1920,1080,bee,665,869,739,980
frame1131.jpg,1920,1080,bee,670,845,755,963
frame1131.jpg,1920,1080,bee,876,835,1018,964
frame1131.jpg,1920,1080,bee,1222,829,1378,968
frame1131.jpg,1920,1080,bee,813,554,977,760
frame1131.jpg,1920,1080,bee,430,252,566,448
frame1131.jpg,1920,1080,bee,1020,839,1162,968
frame1132.jpg,1920,1080,bee,680,847,756,965
frame1132.jpg,1920,1080,bee,868,820,1068,995
frame1132.jpg,1920,1080,bee,1199,824,1406,964
frame1132.jpg,1920,1080,bee,810,548,985,755
frame1132.jpg,1920,1080,bee,524,246,648,426
frame1133.jpg,1920,1080,bee,678,842,763,962
frame1133.jpg,1920,1080,bee,879,848,1065,982
frame1133.jpg,1920,1080,bee,1229,826,1403,960
frame1133.jpg,1920,1080,bee,814,534,978,746
frame1133.jpg,1920,1080,bee,593,235,747,408
frame1133.jpg,1920,1080,bee,1694,1,1811,108
frame1134.jpg,1920,1080,bee,684,844,787,968
frame1134.jpg,1920,1080,bee,1218,763,1370,903
frame1134.jpg,1920,1080,bee,867,805,1045,947
frame1134.jpg,1920,1080,bee,829,513,982,741
frame1134.jpg,1920,1080,bee,713,217,842,393
frame1134.jpg,1920,1080,bee,1670,16,1763,182
frame1134.jpg,1920,1080,bee,1093,872,1245,1012
frame1134.jpg,1920,1080,bee,1242,839,1424,969
frame1135.jpg,1920,1080,bee,687,850,785,961
frame1135.jpg,1920,1080,bee,1285,831,1410,971
frame1135.jpg,1920,1080,bee,1185,615,1321,774
frame1135.jpg,1920,1080,bee,827,500,985,706
frame1135.jpg,1920,1080,bee,789,202,920,382
frame1135.jpg,1920,1080,bee,1576,84,1686,260
frame1135.jpg,1920,1080,bee,796,641,982,791
frame1135.jpg,1920,1080,bee,1107,874,1232,1014
frame1135.jpg,1920,1080,bee,1197,823,1322,963
frame1136.jpg,1920,1080,bee,680,846,789,964
frame1136.jpg,1920,1080,bee,1101,878,1249,1024
frame1136.jpg,1920,1080,bee,1093,502,1283,639
frame1136.jpg,1920,1080,bee,811,509,973,716
frame1136.jpg,1920,1080,bee,796,195,942,392
frame1136.jpg,1920,1080,bee,1500,126,1656,327
frame1136.jpg,1920,1080,bee,1187,788,1335,934
frame1136.jpg,1920,1080,bee,1235,834,1401,977
frame1136.jpg,1920,1080,bee,674,412,865,584
frame1137.jpg,1920,1080,bee,682,833,786,965
frame1137.jpg,1920,1080,bee,1104,877,1218,1022
frame1137.jpg,1920,1080,bee,816,491,969,700
frame1137.jpg,1920,1080,bee,1007,401,1203,539
frame1137.jpg,1920,1080,bee,818,186,955,382
frame1137.jpg,1920,1080,bee,628,162,773,326
frame1137.jpg,1920,1080,bee,1504,167,1625,358
frame1137.jpg,1920,1080,bee,1208,775,1322,920
frame1137.jpg,1920,1080,bee,1231,827,1385,998
frame1137.jpg,1920,1080,bee,1115,782,1229,927
frame1138.jpg,1920,1080,bee,1117,881,1232,1013
frame1138.jpg,1920,1080,bee,685,829,804,962
frame1138.jpg,1920,1080,bee,841,509,964,677
frame1138.jpg,1920,1080,bee,924,289,1100,454
frame1138.jpg,1920,1080,bee,1487,191,1644,369
frame1138.jpg,1920,1080,bee,864,171,999,344
frame1138.jpg,1920,1080,bee,1195,776,1310,908
frame1138.jpg,1920,1080,bee,1246,826,1385,978
frame1138.jpg,1920,1080,bee,1099,767,1214,899
frame1139.jpg,1920,1080,bee,652,823,793,964
frame1139.jpg,1920,1080,bee,1194,729,1311,882
frame1139.jpg,1920,1080,bee,822,456,965,658
frame1139.jpg,1920,1080,bee,1507,187,1668,362
frame1139.jpg,1920,1080,bee,894,160,1021,366
frame1139.jpg,1920,1080,bee,1237,817,1363,991
frame1139.jpg,1920,1080,bee,1126,875,1243,1028
frame1139.jpg,1920,1080,bee,1103,746,1220,899
frame114.jpg,1920,1080,bee,1193,746,1390,978
frame114.jpg,1920,1080,bee,889,647,1034,769
frame114.jpg,1920,1080,bee,1520,868,1647,978
frame1140.jpg,1920,1080,bee,656,817,785,965
frame1140.jpg,1920,1080,bee,294,733,475,889
frame1140.jpg,1920,1080,bee,813,450,955,646
frame1140.jpg,1920,1080,bee,854,211,958,410
frame1140.jpg,1920,1080,bee,1534,142,1711,299
frame1140.jpg,1920,1080,bee,915,78,1076,220
frame1140.jpg,1920,1080,bee,1097,751,1226,899
frame1140.jpg,1920,1080,bee,1209,718,1338,866
frame1140.jpg,1920,1080,bee,1111,867,1266,1022
frame1141.jpg,1920,1080,bee,652,816,781,964
frame1141.jpg,1920,1080,bee,809,433,954,626
frame1141.jpg,1920,1080,bee,893,277,970,454
frame1141.jpg,1920,1080,bee,1598,69,1763,239
frame1141.jpg,1920,1080,bee,1242,1,1359,72
frame1141.jpg,1920,1080,bee,982,1,1094,122
frame1141.jpg,1920,1080,bee,125,472,359,624
frame1141.jpg,1920,1080,bee,1100,750,1229,898
frame1141.jpg,1920,1080,bee,1204,698,1333,846
frame1141.jpg,1920,1080,bee,1236,839,1365,987
frame1141.jpg,1920,1080,bee,1100,862,1229,1010
frame1142.jpg,1920,1080,bee,651,819,769,964
frame1142.jpg,1920,1080,bee,903,329,1055,543
frame1142.jpg,1920,1080,bee,6,253,218,397
frame1142.jpg,1920,1080,bee,1617,1,1789,157
frame1142.jpg,1920,1080,bee,1194,1,1343,148
frame1142.jpg,1920,1080,bee,788,392,951,615
frame1142.jpg,1920,1080,bee,1189,661,1331,860
frame1142.jpg,1920,1080,bee,1229,839,1407,1014
frame1142.jpg,1920,1080,bee,1101,746,1224,913
frame1143.jpg,1920,1080,bee,639,820,772,950
frame1143.jpg,1920,1080,bee,1055,632,1189,737
frame1143.jpg,1920,1080,bee,794,369,914,577
frame1143.jpg,1920,1080,bee,1080,28,1235,222
frame1143.jpg,1920,1080,bee,1648,1,1808,100
frame1143.jpg,1920,1080,bee,898,384,1018,592
frame1143.jpg,1920,1080,bee,1081,721,1232,922
frame1143.jpg,1920,1080,bee,1175,663,1326,864
frame1143.jpg,1920,1080,bee,1226,833,1351,1000
frame1144.jpg,1920,1080,bee,648,825,748,961
frame1144.jpg,1920,1080,bee,996,416,1187,574
frame1144.jpg,1920,1080,bee,812,467,937,633
frame1144.jpg,1920,1080,bee,1016,91,1137,309
frame1144.jpg,1920,1080,bee,782,368,951,572
frame1144.jpg,1920,1080,bee,715,889,834,968
frame1144.jpg,1920,1080,bee,1109,735,1221,919
frame1144.jpg,1920,1080,bee,1177,647,1325,851
frame1144.jpg,1920,1080,bee,1220,839,1337,989
frame1145.jpg,1920,1080,bee,734,879,810,974
frame1145.jpg,1920,1080,bee,642,836,746,959
frame1145.jpg,1920,1080,bee,1159,675,1317,815
frame1145.jpg,1920,1080,bee,769,367,952,586
frame1145.jpg,1920,1080,bee,986,149,1104,284
frame1145.jpg,1920,1080,bee,978,230,1162,375
frame1145.jpg,1920,1080,bee,724,517,907,736
frame1145.jpg,1920,1080,bee,1200,807,1358,947
frame1145.jpg,1920,1080,bee,1102,732,1252,927
frame1146.jpg,1920,1080,bee,655,835,766,962
frame1146.jpg,1920,1080,bee,1130,653,1311,818
frame1146.jpg,1920,1080,bee,751,588,906,762
frame1146.jpg,1920,1080,bee,794,353,957,549
frame1146.jpg,1920,1080,bee,982,142,1127,243
frame1146.jpg,1920,1080,bee,990,6,1104,135
frame1146.jpg,1920,1080,bee,1102,746,1238,922
frame1147.jpg,1920,1080,bee,1116,749,1226,932
frame1147.jpg,1920,1080,bee,638,837,745,962
frame1147.jpg,1920,1080,bee,1118,655,1347,823
frame1147.jpg,1920,1080,bee,798,613,963,754
frame1147.jpg,1920,1080,bee,1020,456,1200,638
frame1147.jpg,1920,1080,bee,793,337,960,542
frame1147.jpg,1920,1080,bee,1018,22,1152,181
frame1147.jpg,1920,1080,bee,697,852,804,977
frame1148.jpg,1920,1080,bee,1348,867,1534,964
frame1148.jpg,1920,1080,bee,630,839,751,965
frame1148.jpg,1920,1080,bee,1117,660,1321,782
frame1148.jpg,1920,1080,bee,808,577,982,669
frame1148.jpg,1920,1080,bee,790,333,967,534
frame1148.jpg,1920,1080,bee,1029,1,1203,112
frame1148.jpg,1920,1080,bee,1093,730,1259,937
frame1148.jpg,1920,1080,bee,928,246,1083,426
frame1149.jpg,1920,1080,bee,1352,867,1448,962
frame1149.jpg,1920,1080,bee,628,831,745,960
frame1149.jpg,1920,1080,bee,1114,665,1335,782
frame1149.jpg,1920,1080,bee,790,330,979,522
frame1149.jpg,1920,1080,bee,877,47,987,196
frame1149.jpg,1920,1080,bee,889,465,1058,600
frame1149.jpg,1920,1080,bee,1117,732,1254,916
frame115.jpg,1920,1080,bee,1517,841,1634,979
frame115.jpg,1920,1080,bee,1169,733,1397,954
frame115.jpg,1920,1080,bee,838,452,1018,630
frame1150.jpg,1920,1080,bee,624,825,742,960
frame1150.jpg,1920,1080,bee,1104,660,1300,779
frame1150.jpg,1920,1080,bee,801,320,956,516
frame1150.jpg,1920,1080,bee,1101,754,1244,917
frame1150.jpg,1920,1080,bee,1330,857,1444,959
frame1150.jpg,1920,1080,bee,942,343,1121,498
frame1150.jpg,1920,1080,bee,694,857,818,972
frame1151.jpg,1920,1080,bee,703,855,810,996
frame1151.jpg,1920,1080,bee,624,835,738,974
frame1151.jpg,1920,1080,bee,1111,644,1313,776
frame1151.jpg,1920,1080,bee,789,319,978,495
frame1151.jpg,1920,1080,bee,989,287,1172,429
frame1151.jpg,1920,1080,bee,1101,733,1255,910
frame1151.jpg,1920,1080,bee,1345,844,1445,954
frame1152.jpg,1920,1080,bee,643,764,822,950
frame1152.jpg,1920,1080,bee,1092,707,1255,877
frame1152.jpg,1920,1080,bee,1098,636,1308,762
frame1152.jpg,1920,1080,bee,825,298,990,487
frame1152.jpg,1920,1080,bee,1069,260,1241,412
frame1152.jpg,1920,1080,bee,1359,862,1454,960
frame1153.jpg,1920,1080,bee,635,832,811,967
frame1153.jpg,1920,1080,bee,1104,592,1299,766
frame1153.jpg,1920,1080,bee,833,278,996,510
frame1153.jpg,1920,1080,bee,1151,220,1310,393
frame1153.jpg,1920,1080,bee,1107,685,1232,843
frame1153.jpg,1920,1080,bee,1349,851,1480,958
frame1153.jpg,1920,1080,bee,1080,865,1217,964
frame1154.jpg,1920,1080,bee,1040,546,1149,760
frame1154.jpg,1920,1080,bee,1391,840,1480,954
frame1154.jpg,1920,1080,bee,630,831,747,947
frame1154.jpg,1920,1080,bee,1118,577,1301,791
frame1154.jpg,1920,1080,bee,821,267,985,460
frame1154.jpg,1920,1080,bee,1223,180,1303,364
frame1154.jpg,1920,1080,bee,1107,847,1213,964
frame1155.jpg,1920,1080,bee,1120,857,1207,965
frame1155.jpg,1920,1080,bee,1404,841,1486,962
frame1155.jpg,1920,1080,bee,1119,573,1306,767
frame1155.jpg,1920,1080,bee,966,454,1054,599
frame1155.jpg,1920,1080,bee,829,255,996,445
frame1155.jpg,1920,1080,bee,1250,174,1325,331
frame1156.jpg,1920,1080,bee,651,818,738,954
frame1156.jpg,1920,1080,bee,1378,856,1515,953
frame1156.jpg,1920,1080,bee,1100,543,1294,743
frame1156.jpg,1920,1080,bee,804,240,992,475
frame1156.jpg,1920,1080,bee,1203,169,1311,347
frame1156.jpg,1920,1080,bee,1026,819,1251,964
frame1157.jpg,1920,1080,bee,1404,846,1499,955
frame1157.jpg,1920,1080,bee,644,816,766,953
frame1157.jpg,1920,1080,bee,986,653,1163,802
frame1157.jpg,1920,1080,bee,1102,539,1297,757
frame1157.jpg,1920,1080,bee,820,235,1008,429
frame1157.jpg,1920,1080,bee,752,171,854,351
frame1157.jpg,1920,1080,bee,1184,148,1276,324
frame1158.jpg,1920,1080,bee,1368,841,1486,955
frame1158.jpg,1920,1080,bee,646,817,763,961
frame1158.jpg,1920,1080,bee,1094,523,1292,751
frame1158.jpg,1920,1080,bee,818,202,969,419
frame1158.jpg,1920,1080,bee,1199,139,1314,327
frame1158.jpg,1920,1080,bee,680,19,768,206
frame1158.jpg,1920,1080,bee,1601,1,1717,133
frame1158.jpg,1920,1080,bee,832,429,1030,562
frame1158.jpg,1920,1080,bee,1128,889,1196,960
frame1158.jpg,1920,1080,bee,1292,889,1369,960
frame1159.jpg,1920,1080,bee,1122,890,1203,951
frame1159.jpg,1920,1080,bee,1359,834,1486,948
frame1159.jpg,1920,1080,bee,637,816,751,954
frame1159.jpg,1920,1080,bee,1092,527,1291,747
frame1159.jpg,1920,1080,bee,816,203,993,414
frame1159.jpg,1920,1080,bee,667,158,803,292
frame1159.jpg,1920,1080,bee,1310,157,1399,351
frame1159.jpg,1920,1080,bee,1538,51,1707,248
frame1159.jpg,1920,1080,bee,1273,891,1354,952
frame116.jpg,1920,1080,bee,1207,733,1399,948
frame116.jpg,1920,1080,bee,1537,832,1644,965
frame116.jpg,1920,1080,bee,834,276,948,411
frame1160.jpg,1920,1080,bee,644,823,754,950
frame1160.jpg,1920,1080,bee,1098,859,1217,954
frame1160.jpg,1920,1080,bee,1080,522,1290,747
frame1160.jpg,1920,1080,bee,800,189,980,402
frame1160.jpg,1920,1080,bee,1407,198,1506,403
frame1160.jpg,1920,1080,bee,1607,136,1779,357
frame1160.jpg,1920,1080,bee,1360,833,1479,928
frame1161.jpg,1920,1080,bee,647,819,778,957
frame1161.jpg,1920,1080,bee,1349,815,1489,939
frame1161.jpg,1920,1080,bee,1076,526,1274,738
frame1161.jpg,1920,1080,bee,1370,260,1521,439
frame1161.jpg,1920,1080,bee,1648,247,1800,462
frame1161.jpg,1920,1080,bee,789,181,974,391
frame1161.jpg,1920,1080,bee,1116,871,1204,967
frame1162.jpg,1920,1080,bee,658,819,782,950
frame1162.jpg,1920,1080,bee,1348,796,1465,947
frame1162.jpg,1920,1080,bee,1089,533,1275,737
frame1162.jpg,1920,1080,bee,1665,355,1808,595
frame1162.jpg,1920,1080,bee,1301,267,1439,445
frame1162.jpg,1920,1080,bee,786,186,969,380
frame1162.jpg,1920,1080,bee,1104,872,1203,965
frame1163.jpg,1920,1080,bee,662,819,794,961
frame1163.jpg,1920,1080,bee,1338,795,1463,943
frame1163.jpg,1920,1080,bee,1072,513,1278,739
frame1163.jpg,1920,1080,bee,1628,480,1793,682
frame1163.jpg,1920,1080,bee,1168,287,1322,427
frame1163.jpg,1920,1080,bee,778,174,964,367
frame1163.jpg,1920,1080,bee,1089,850,1211,967
frame1164.jpg,1920,1080,bee,673,813,773,958
frame1164.jpg,1920,1080,bee,1343,801,1470,948
frame1164.jpg,1920,1080,bee,1585,542,1806,713
frame1164.jpg,1920,1080,bee,1063,468,1216,653
frame1164.jpg,1920,1080,bee,1034,253,1199,400
frame1164.jpg,1920,1080,bee,770,161,961,350
frame1164.jpg,1920,1080,bee,1096,861,1197,960
frame1165.jpg,1920,1080,bee,678,821,815,948
frame1165.jpg,1920,1080,bee,1317,808,1482,946
frame1165.jpg,1920,1080,bee,1644,531,1848,706
frame1165.jpg,1920,1080,bee,1057,355,1163,529
frame1165.jpg,1920,1080,bee,966,218,1099,350
frame1165.jpg,1920,1080,bee,748,134,948,340
frame1165.jpg,1920,1080,bee,1086,855,1206,959
frame1166.jpg,1920,1080,bee,1080,858,1196,954
frame1166.jpg,1920,1080,bee,670,830,835,941
frame1166.jpg,1920,1080,bee,1748,517,1867,648
frame1166.jpg,1920,1080,bee,725,139,904,341
frame1166.jpg,1920,1080,bee,1298,818,1461,936
frame1166.jpg,1920,1080,bee,974,133,1099,333
frame1166.jpg,1920,1080,bee,880,174,1037,329
frame1167.jpg,1920,1080,bee,675,836,796,944
frame1167.jpg,1920,1080,bee,1300,829,1449,944
frame1167.jpg,1920,1080,bee,1775,477,1920,698
frame1167.jpg,1920,1080,bee,724,134,912,303
frame1167.jpg,1920,1080,bee,778,144,965,251
frame1167.jpg,1920,1080,bee,1070,868,1196,960
frame1168.jpg,1920,1080,bee,1064,872,1188,955
frame1168.jpg,1920,1080,bee,1308,844,1466,933
frame1168.jpg,1920,1080,bee,675,830,801,944
frame1168.jpg,1920,1080,bee,1777,582,1920,733
frame1168.jpg,1920,1080,bee,697,106,906,284
frame1168.jpg,1920,1080,bee,642,20,856,134
frame1169.jpg,1920,1080,bee,1069,855,1172,954
frame1169.jpg,1920,1080,bee,1306,844,1458,947
frame1169.jpg,1920,1080,bee,661,833,818,958
frame1169.jpg,1920,1080,bee,1837,644,1920,757
frame1169.jpg,1920,1080,bee,707,100,910,269
frame117.jpg,1920,1080,bee,1221,724,1400,954
frame117.jpg,1920,1080,bee,834,17,935,191
frame117.jpg,1920,1080,bee,1518,799,1676,961
frame1170.jpg,1920,1080,bee,1063,867,1189,954
frame1170.jpg,1920,1080,bee,1292,830,1486,940
frame1170.jpg,1920,1080,bee,652,816,796,929
frame1170.jpg,1920,1080,bee,672,71,893,269
frame1172.jpg,1920,1080,bee,1032,840,1205,958
frame1172.jpg,1920,1080,bee,1316,857,1494,953
frame1172.jpg,1920,1080,bee,657,835,803,952
frame1172.jpg,1920,1080,bee,685,50,881,251
frame1173.jpg,1920,1080,bee,1040,821,1230,953
frame1173.jpg,1920,1080,bee,1299,831,1485,941
frame1173.jpg,1920,1080,bee,659,815,796,948
frame1173.jpg,1920,1080,bee,700,44,883,245
frame1174.jpg,1920,1080,bee,1041,836,1208,954
frame1174.jpg,1920,1080,bee,1321,837,1514,949
frame1174.jpg,1920,1080,bee,648,823,801,951
frame1174.jpg,1920,1080,bee,699,40,879,241
frame1175.jpg,1920,1080,bee,1070,826,1199,955
frame1175.jpg,1920,1080,bee,1338,841,1516,944
frame1175.jpg,1920,1080,bee,652,819,810,951
frame1175.jpg,1920,1080,bee,710,33,879,242
frame1176.jpg,1920,1080,bee,1320,837,1510,954
frame1176.jpg,1920,1080,bee,1080,824,1216,954
frame1176.jpg,1920,1080,bee,665,827,790,958
frame1176.jpg,1920,1080,bee,730,44,893,245
frame1177.jpg,1920,1080,bee,1321,836,1524,948
frame1177.jpg,1920,1080,bee,647,815,785,943
frame1177.jpg,1920,1080,bee,1106,792,1223,947
frame1177.jpg,1920,1080,bee,732,37,896,239
frame1177.jpg,1920,1080,bee,1230,860,1328,950
frame1178.jpg,1920,1080,bee,1247,876,1338,945
frame1178.jpg,1920,1080,bee,1324,840,1517,946
frame1178.jpg,1920,1080,bee,639,823,789,940
frame1178.jpg,1920,1080,bee,1120,793,1242,961
frame1178.jpg,1920,1080,bee,727,65,896,220
frame1178.jpg,1920,1080,bee,282,1,408,93
frame1179.jpg,1920,1080,bee,1263,841,1313,942
frame1179.jpg,1920,1080,bee,647,847,773,944
frame1179.jpg,1920,1080,bee,1331,850,1516,947
frame1179.jpg,1920,1080,bee,1111,796,1252,957
frame1179.jpg,1920,1080,bee,731,62,918,239
frame1179.jpg,1920,1080,bee,302,1,454,134
frame118.jpg,1920,1080,bee,1186,709,1404,923
frame118.jpg,1920,1080,bee,1762,36,1910,262
frame118.jpg,1920,1080,bee,1497,805,1691,956
frame1180.jpg,1920,1080,bee,1331,851,1513,954
frame1180.jpg,1920,1080,bee,1123,799,1258,958
frame1180.jpg,1920,1080,bee,728,71,925,233
frame1180.jpg,1920,1080,bee,336,1,490,110
frame1180.jpg,1920,1080,bee,1242,830,1344,961
frame1181.jpg,1920,1080,bee,1348,854,1511,950
frame1181.jpg,1920,1080,bee,1132,784,1268,960
frame1181.jpg,1920,1080,bee,711,67,925,228
frame1181.jpg,1920,1080,bee,419,1,525,55
frame1181.jpg,1920,1080,bee,1238,836,1351,946
frame1182.jpg,1920,1080,bee,1370,860,1503,953
frame1182.jpg,1920,1080,bee,1146,783,1262,957
frame1182.jpg,1920,1080,bee,724,68,932,224
frame1182.jpg,1920,1080,bee,1243,809,1361,956
frame1182.jpg,1920,1080,bee,625,846,783,957
frame1183.jpg,1920,1080,bee,1151,793,1278,960
frame1183.jpg,1920,1080,bee,734,69,938,241
frame1183.jpg,1920,1080,bee,1247,820,1366,958
frame1184.jpg,1920,1080,bee,1401,853,1508,946
frame1184.jpg,1920,1080,bee,613,841,821,940
frame1184.jpg,1920,1080,bee,1147,784,1269,955
frame1184.jpg,1920,1080,bee,738,74,942,264
frame1184.jpg,1920,1080,bee,1251,813,1362,950
frame1185.jpg,1920,1080,bee,621,842,816,933
frame1185.jpg,1920,1080,bee,1148,784,1299,951
frame1185.jpg,1920,1080,bee,754,86,944,262
frame1185.jpg,1920,1080,bee,1282,812,1375,943
frame1186.jpg,1920,1080,bee,1121,777,1331,937
frame1186.jpg,1920,1080,bee,727,84,952,270
frame1186.jpg,1920,1080,bee,1264,783,1375,948
frame1187.jpg,1920,1080,bee,1143,782,1308,953
frame1187.jpg,1920,1080,bee,748,100,951,291
frame1187.jpg,1920,1080,bee,1270,789,1392,951
frame1187.jpg,1920,1080,bee,611,831,808,929
frame1188.jpg,1920,1080,bee,1148,778,1310,940
frame1188.jpg,1920,1080,bee,761,132,952,313
frame1188.jpg,1920,1080,bee,1286,802,1400,943
frame1188.jpg,1920,1080,bee,603,834,826,951
frame1189.jpg,1920,1080,bee,615,839,817,939
frame1189.jpg,1920,1080,bee,1151,773,1304,954
frame1189.jpg,1920,1080,bee,761,143,976,344
frame1189.jpg,1920,1080,bee,1268,805,1389,955
frame119.jpg,1920,1080,bee,1152,682,1420,930
frame119.jpg,1920,1080,bee,1739,158,1913,381
frame119.jpg,1920,1080,bee,1487,795,1644,965
frame1190.jpg,1920,1080,bee,601,836,821,941
frame1190.jpg,1920,1080,bee,1262,770,1344,948
frame1190.jpg,1920,1080,bee,762,150,963,350
frame1190.jpg,1920,1080,bee,1156,767,1287,939
frame1191.jpg,1920,1080,bee,612,837,812,937
frame1191.jpg,1920,1080,bee,1224,660,1339,857
frame1191.jpg,1920,1080,bee,776,171,954,371
frame1191.jpg,1920,1080,bee,1162,789,1290,924
frame1192.jpg,1920,1080,bee,601,826,841,939
frame1192.jpg,1920,1080,bee,1132,767,1323,947
frame1192.jpg,1920,1080,bee,1203,492,1287,660
frame1192.jpg,1920,1080,bee,784,203,958,392
frame1193.jpg,1920,1080,bee,616,841,807,926
frame1193.jpg,1920,1080,bee,1144,761,1330,933
frame1193.jpg,1920,1080,bee,1132,231,1241,439
frame1193.jpg,1920,1080,bee,782,190,976,389
frame1194.jpg,1920,1080,bee,611,829,808,941
frame1194.jpg,1920,1080,bee,1132,761,1321,946
frame1194.jpg,1920,1080,bee,779,212,976,402
frame1194.jpg,1920,1080,bee,1040,1,1130,150
frame1195.jpg,1920,1080,bee,624,823,817,955
frame1195.jpg,1920,1080,bee,1135,761,1330,943
frame1195.jpg,1920,1080,bee,777,229,963,422
frame1196.jpg,1920,1080,bee,640,816,792,946
frame1196.jpg,1920,1080,bee,1135,786,1328,929
frame1196.jpg,1920,1080,bee,783,244,955,446
frame1197.jpg,1920,1080,bee,638,843,783,962
frame1197.jpg,1920,1080,bee,1128,796,1335,934
frame1197.jpg,1920,1080,bee,779,262,946,456
frame1197.jpg,1920,1080,bee,616,824,732,967
frame1198.jpg,1920,1080,bee,639,845,727,955
frame1198.jpg,1920,1080,bee,665,860,785,952
frame1198.jpg,1920,1080,bee,1138,800,1332,924
frame1198.jpg,1920,1080,bee,769,279,949,479
frame1198.jpg,1920,1080,bee,1010,1,1106,106
frame1199.jpg,1920,1080,bee,674,847,806,960
frame1199.jpg,1920,1080,bee,644,836,724,961
frame1199.jpg,1920,1080,bee,1138,802,1345,934
frame1199.jpg,1920,1080,bee,780,304,939,485
frame1199.jpg,1920,1080,bee,876,1,1064,134
frame12.jpg,1920,1080,bee,1108,869,1251,1080
frame12.jpg,1920,1080,bee,797,541,918,743
frame12.jpg,1920,1080,bee,1065,209,1258,403
frame120.jpg,1920,1080,bee,1159,675,1372,895
frame120.jpg,1920,1080,bee,1793,309,1920,460
frame120.jpg,1920,1080,bee,1486,799,1649,954
frame1200.jpg,1920,1080,bee,649,820,728,955
frame1200.jpg,1920,1080,bee,684,847,792,953
frame1200.jpg,1920,1080,bee,1154,799,1341,943
frame1200.jpg,1920,1080,bee,779,309,921,513
frame1200.jpg,1920,1080,bee,610,1,835,131
frame1201.jpg,1920,1080,bee,638,813,711,960
frame1201.jpg,1920,1080,bee,1157,807,1348,923
frame1201.jpg,1920,1080,bee,761,327,927,540
frame1201.jpg,1920,1080,bee,321,1,534,123
frame1201.jpg,1920,1080,bee,703,829,786,958
frame1202.jpg,1920,1080,bee,656,810,711,958
frame1202.jpg,1920,1080,bee,701,848,784,961
frame1202.jpg,1920,1080,bee,1165,804,1354,927
frame1202.jpg,1920,1080,bee,769,340,923,561
frame1202.jpg,1920,1080,bee,136,1,293,123
frame1202.jpg,1920,1080,bee,1092,878,1228,967
frame1203.jpg,1920,1080,bee,1103,877,1218,961
frame1203.jpg,1920,1080,bee,658,820,723,947
frame1203.jpg,1920,1080,bee,703,850,803,954
frame1203.jpg,1920,1080,bee,1180,807,1360,906
frame1203.jpg,1920,1080,bee,754,378,926,567
frame1203.jpg,1920,1080,bee,1,1,108,147
frame1204.jpg,1920,1080,bee,685,852,793,960
frame1204.jpg,1920,1080,bee,1098,876,1220,963
frame1204.jpg,1920,1080,bee,649,821,720,958
frame1204.jpg,1920,1080,bee,1194,796,1363,905
frame1204.jpg,1920,1080,bee,766,396,921,583
frame1204.jpg,1920,1080,bee,644,1,744,85
frame1205.jpg,1920,1080,bee,1092,872,1248,961
frame1205.jpg,1920,1080,bee,644,809,711,946
frame1205.jpg,1920,1080,bee,1201,806,1399,904
frame1205.jpg,1920,1080,bee,755,417,912,588
frame1205.jpg,1920,1080,bee,624,1,753,169
frame1205.jpg,1920,1080,bee,707,839,773,955
frame1206.jpg,1920,1080,bee,1092,874,1200,962
frame1206.jpg,1920,1080,bee,632,808,713,950
frame1206.jpg,1920,1080,bee,1196,795,1404,905
frame1206.jpg,1920,1080,bee,756,437,897,643
frame1206.jpg,1920,1080,bee,627,67,751,227
frame1206.jpg,1920,1080,bee,696,810,787,954
frame1207.jpg,1920,1080,bee,1087,864,1173,957
frame1207.jpg,1920,1080,bee,628,813,710,955
frame1207.jpg,1920,1080,bee,1196,796,1409,905
frame1207.jpg,1920,1080,bee,744,461,908,647
frame1207.jpg,1920,1080,bee,648,114,762,278
frame1207.jpg,1920,1080,bee,697,816,786,958
frame1209.jpg,1920,1080,bee,677,846,852,961
frame1209.jpg,1920,1080,bee,1055,843,1158,950
frame1209.jpg,1920,1080,bee,627,813,706,950
frame1209.jpg,1920,1080,bee,1213,796,1409,907
frame1209.jpg,1920,1080,bee,735,503,891,686
frame1209.jpg,1920,1080,bee,658,193,801,399
frame121.jpg,1920,1080,bee,1487,768,1654,948
frame121.jpg,1920,1080,bee,1171,670,1355,878
frame1301.jpg,1920,1080,bee,1432,843,1561,961
frame1301.jpg,1920,1080,bee,598,840,769,974
frame1301.jpg,1920,1080,bee,1128,867,1251,955
frame1301.jpg,1920,1080,bee,1351,700,1559,851
frame1301.jpg,1920,1080,bee,430,563,623,775
frame1301.jpg,1920,1080,bee,1770,569,1920,741
frame1301.jpg,1920,1080,bee,1099,513,1315,674
frame1301.jpg,1920,1080,bee,1906,336,1920,374
frame1301.jpg,1920,1080,bee,132,311,283,561
frame1301.jpg,1920,1080,bee,783,240,937,462
frame1301.jpg,1920,1080,bee,532,180,648,371
frame1301.jpg,1920,1080,bee,989,1,1114,165
frame1301.jpg,1920,1080,bee,933,338,1087,560
frame1301.jpg,1920,1080,bee,251,327,373,515
frame1301.jpg,1920,1080,bee,1851,745,1920,905
frame1302.jpg,1920,1080,bee,578,836,767,974
frame1302.jpg,1920,1080,bee,1417,854,1559,971
frame1302.jpg,1920,1080,bee,1359,703,1552,860
frame1302.jpg,1920,1080,bee,425,570,594,781
frame1302.jpg,1920,1080,bee,1764,585,1919,752
frame1302.jpg,1920,1080,bee,1082,515,1313,673
frame1302.jpg,1920,1080,bee,92,376,249,626
frame1302.jpg,1920,1080,bee,769,243,920,457
frame1302.jpg,1920,1080,bee,492,205,662,417
frame1302.jpg,1920,1080,bee,938,1,1043,155
frame1302.jpg,1920,1080,bee,230,427,355,631
frame1302.jpg,1920,1080,bee,888,295,992,465
frame1302.jpg,1920,1080,bee,1856,747,1920,891
frame1303.jpg,1920,1080,bee,1438,857,1566,969
frame1303.jpg,1920,1080,bee,583,829,770,972
frame1303.jpg,1920,1080,bee,1366,712,1554,862
frame1303.jpg,1920,1080,bee,423,560,600,774
frame1303.jpg,1920,1080,bee,1776,581,1920,740
frame1303.jpg,1920,1080,bee,1091,502,1304,684
frame1303.jpg,1920,1080,bee,200,561,350,755
frame1303.jpg,1920,1080,bee,1836,399,1920,532
frame1303.jpg,1920,1080,bee,759,233,938,443
frame1303.jpg,1920,1080,bee,521,248,701,461
frame1303.jpg,1920,1080,bee,924,1,1011,140
frame1303.jpg,1920,1080,bee,133,423,273,598
frame1303.jpg,1920,1080,bee,1824,748,1920,902
frame1304.jpg,1920,1080,bee,580,823,772,962
frame1304.jpg,1920,1080,bee,1356,713,1573,839
frame1304.jpg,1920,1080,bee,217,656,365,861
frame1304.jpg,1920,1080,bee,428,572,608,794
frame1304.jpg,1920,1080,bee,1063,467,1308,674
frame1304.jpg,1920,1080,bee,244,469,363,686
frame1304.jpg,1920,1080,bee,1744,447,1920,602
frame1304.jpg,1920,1080,bee,785,223,916,420
frame1304.jpg,1920,1080,bee,897,1,991,164
frame1304.jpg,1920,1080,bee,631,296,794,477
frame1304.jpg,1920,1080,bee,714,237,786,413
frame1304.jpg,1920,1080,bee,1360,840,1521,951
frame1304.jpg,1920,1080,bee,1783,598,1920,760
frame1304.jpg,1920,1080,bee,1825,757,1920,916
frame1305.jpg,1920,1080,bee,590,800,776,960
frame1305.jpg,1920,1080,bee,216,759,399,917
frame1305.jpg,1920,1080,bee,1368,702,1568,858
frame1305.jpg,1920,1080,bee,432,568,609,782
frame1305.jpg,1920,1080,bee,285,512,424,736
frame1305.jpg,1920,1080,bee,1058,431,1295,652
frame1305.jpg,1920,1080,bee,1714,488,1920,629
frame1305.jpg,1920,1080,bee,597,296,734,469
frame1305.jpg,1920,1080,bee,786,210,921,415
frame1305.jpg,1920,1080,bee,856,19,963,196
frame1305.jpg,1920,1080,bee,730,311,880,500
frame1305.jpg,1920,1080,bee,1315,682,1418,846
frame1305.jpg,1920,1080,bee,1778,618,1920,758
frame1305.jpg,1920,1080,bee,1813,766,1920,913
frame1306.jpg,1920,1080,bee,590,784,776,957
frame1306.jpg,1920,1080,bee,230,808,397,967
frame1306.jpg,1920,1080,bee,1358,714,1570,848
frame1306.jpg,1920,1080,bee,431,580,606,769
frame1306.jpg,1920,1080,bee,274,600,407,825
frame1306.jpg,1920,1080,bee,1745,491,1920,653
frame1306.jpg,1920,1080,bee,1059,437,1259,631
frame1306.jpg,1920,1080,bee,567,340,739,478
frame1306.jpg,1920,1080,bee,779,208,913,400
frame1306.jpg,1920,1080,bee,880,19,993,179
frame1306.jpg,1920,1080,bee,742,343,870,543
frame1306.jpg,1920,1080,bee,1258,586,1389,740
frame1306.jpg,1920,1080,bee,1787,613,1920,765
frame1306.jpg,1920,1080,bee,1811,756,1920,915
frame1307.jpg,1920,1080,bee,570,777,779,964
frame1307.jpg,1920,1080,bee,1352,709,1574,850
frame1307.jpg,1920,1080,bee,203,661,339,853
frame1307.jpg,1920,1080,bee,421,581,606,779
frame1307.jpg,1920,1080,bee,1790,523,1920,655
frame1307.jpg,1920,1080,bee,1055,429,1241,637
frame1307.jpg,1920,1080,bee,773,199,944,395
frame1307.jpg,1920,1080,bee,939,1,1154,158
frame1307.jpg,1920,1080,bee,664,390,844,557
frame1307.jpg,1920,1080,bee,599,305,769,414
frame1307.jpg,1920,1080,bee,1196,462,1358,622
frame1307.jpg,1920,1080,bee,1769,626,1920,784
frame1307.jpg,1920,1080,bee,1792,757,1920,915
frame1307.jpg,1920,1080,bee,231,817,394,980
frame1308.jpg,1920,1080,bee,209,813,407,969
frame1308.jpg,1920,1080,bee,554,784,801,974
frame1308.jpg,1920,1080,bee,1365,722,1578,860
frame1308.jpg,1920,1080,bee,89,660,245,879
frame1308.jpg,1920,1080,bee,416,586,601,775
frame1308.jpg,1920,1080,bee,1775,615,1920,784
frame1308.jpg,1920,1080,bee,639,393,821,571
frame1308.jpg,1920,1080,bee,1048,448,1263,653
frame1308.jpg,1920,1080,bee,780,177,941,380
frame1308.jpg,1920,1080,bee,1072,1,1182,123
frame1308.jpg,1920,1080,bee,1800,766,1920,930
frame1308.jpg,1920,1080,bee,1019,332,1232,470
frame1308.jpg,1920,1080,bee,668,267,817,382
frame1309.jpg,1920,1080,bee,214,834,399,975
frame1309.jpg,1920,1080,bee,552,783,772,969
frame1309.jpg,1920,1080,bee,1366,729,1585,879
frame1309.jpg,1920,1080,bee,55,639,224,867
frame1309.jpg,1920,1080,bee,425,615,598,777
frame1309.jpg,1920,1080,bee,1799,605,1920,897
frame1309.jpg,1920,1080,bee,1049,450,1246,658
frame1309.jpg,1920,1080,bee,669,418,833,571
frame1309.jpg,1920,1080,bee,919,162,1072,322
frame1309.jpg,1920,1080,bee,1118,1,1234,84
frame1309.jpg,1920,1080,bee,758,168,921,382
frame1309.jpg,1920,1080,bee,689,219,830,345
frame131.jpg,1920,1080,bee,1159,528,1354,760
frame131.jpg,1920,1080,bee,256,17,415,133
frame131.jpg,1920,1080,bee,1728,778,1892,931
frame131.jpg,1920,1080,bee,1004,847,1162,946
frame1310.jpg,1920,1080,bee,237,842,404,974
frame1310.jpg,1920,1080,bee,542,781,775,975
frame1310.jpg,1920,1080,bee,1378,727,1600,886
frame1310.jpg,1920,1080,bee,116,622,262,851
frame1310.jpg,1920,1080,bee,1773,619,1920,793
frame1310.jpg,1920,1080,bee,392,584,578,772
frame1310.jpg,1920,1080,bee,1037,471,1245,665
frame1310.jpg,1920,1080,bee,783,422,965,595
frame1310.jpg,1920,1080,bee,768,161,949,374
frame1310.jpg,1920,1080,bee,759,21,943,143
frame1310.jpg,1920,1080,bee,662,132,846,254
frame1310.jpg,1920,1080,bee,1761,778,1920,913
frame1311.jpg,1920,1080,bee,230,862,389,984
frame1311.jpg,1920,1080,bee,547,776,773,967
frame1311.jpg,1920,1080,bee,1362,719,1595,888
frame1311.jpg,1920,1080,bee,134,613,317,854
frame1311.jpg,1920,1080,bee,1770,628,1920,784
frame1311.jpg,1920,1080,bee,378,592,583,781
frame1311.jpg,1920,1080,bee,1048,475,1213,662
frame1311.jpg,1920,1080,bee,901,439,1062,640
frame1311.jpg,1920,1080,bee,763,164,948,343
frame1311.jpg,1920,1080,bee,672,1,818,71
frame1311.jpg,1920,1080,bee,1763,773,1920,909
frame1312.jpg,1920,1080,bee,228,854,403,985
frame1312.jpg,1920,1080,bee,538,774,779,968
frame1312.jpg,1920,1080,bee,1379,723,1596,889
frame1312.jpg,1920,1080,bee,90,639,272,855
frame1312.jpg,1920,1080,bee,1773,628,1920,785
frame1312.jpg,1920,1080,bee,375,589,585,773
frame1312.jpg,1920,1080,bee,1047,471,1190,674
frame1312.jpg,1920,1080,bee,765,162,959,340
frame1312.jpg,1920,1080,bee,1060,1,1185,88
frame1312.jpg,1920,1080,bee,952,451,1086,650
frame1312.jpg,1920,1080,bee,1759,784,1920,912
frame1313.jpg,1920,1080,bee,548,771,763,971
frame1313.jpg,1920,1080,bee,1372,723,1584,888
frame1313.jpg,1920,1080,bee,1,658,128,860
frame1313.jpg,1920,1080,bee,1745,610,1920,777
frame1313.jpg,1920,1080,bee,366,602,578,773
frame1313.jpg,1920,1080,bee,969,492,1106,651
frame1313.jpg,1920,1080,bee,769,164,976,348
frame1313.jpg,1920,1080,bee,1059,1,1249,182
frame1313.jpg,1920,1080,bee,1059,489,1209,679
frame1313.jpg,1920,1080,bee,1735,775,1866,917
frame1313.jpg,1920,1080,bee,1806,774,1920,919
frame1314.jpg,1920,1080,bee,551,767,773,961
frame1314.jpg,1920,1080,bee,1369,721,1595,898
frame1314.jpg,1920,1080,bee,1,660,110,869
frame1314.jpg,1920,1080,bee,1602,771,1758,951
frame1314.jpg,1920,1080,bee,341,603,549,757
frame1314.jpg,1920,1080,bee,978,497,1141,675
frame1314.jpg,1920,1080,bee,768,150,985,343
frame1314.jpg,1920,1080,bee,1120,92,1311,267
frame1314.jpg,1920,1080,bee,1062,489,1192,654
frame1314.jpg,1920,1080,bee,1761,608,1917,788
frame1314.jpg,1920,1080,bee,1766,779,1916,915
frame1315.jpg,1920,1080,bee,551,762,749,969
frame1315.jpg,1920,1080,bee,1376,716,1535,886
frame1315.jpg,1920,1080,bee,9,641,139,854
frame1315.jpg,1920,1080,bee,1772,632,1920,788
frame1315.jpg,1920,1080,bee,321,585,535,758
frame1315.jpg,1920,1080,bee,770,161,993,341
frame1315.jpg,1920,1080,bee,1101,144,1330,286
frame1315.jpg,1920,1080,bee,1554,780,1713,950
frame1315.jpg,1920,1080,bee,1772,749,1920,905
frame1315.jpg,1920,1080,bee,1018,509,1216,699
frame1316.jpg,1920,1080,bee,554,767,739,953
frame1316.jpg,1920,1080,bee,1368,708,1531,892
frame1316.jpg,1920,1080,bee,49,633,179,833
frame1316.jpg,1920,1080,bee,1775,632,1920,778
frame1316.jpg,1920,1080,bee,310,592,516,750
frame1316.jpg,1920,1080,bee,1066,524,1223,697
frame1316.jpg,1920,1080,bee,784,167,985,339
frame1316.jpg,1920,1080,bee,1135,105,1363,210
frame1316.jpg,1920,1080,bee,1515,806,1699,942
frame1316.jpg,1920,1080,bee,1775,756,1920,902
frame1317.jpg,1920,1080,bee,551,753,759,948
frame1317.jpg,1920,1080,bee,1382,713,1518,884
frame1317.jpg,1920,1080,bee,1776,629,1920,784
frame1317.jpg,1920,1080,bee,96,618,251,802
frame1317.jpg,1920,1080,bee,273,588,501,745
frame1317.jpg,1920,1080,bee,1127,551,1276,707
frame1317.jpg,1920,1080,bee,772,164,985,319
frame1317.jpg,1920,1080,bee,1158,1,1355,105
frame1317.jpg,1920,1080,bee,1800,768,1920,910
frame1317.jpg,1920,1080,bee,1032,500,1176,679
frame1317.jpg,1920,1080,bee,1525,817,1701,942
frame1318.jpg,1920,1080,bee,544,745,768,943
frame1318.jpg,1920,1080,bee,1362,702,1528,884
frame1318.jpg,1920,1080,bee,1773,631,1920,791
frame1318.jpg,1920,1080,bee,275,602,483,753
frame1318.jpg,1920,1080,bee,1041,505,1182,703
frame1318.jpg,1920,1080,bee,779,164,981,310
frame1318.jpg,1920,1080,bee,1180,565,1356,736
frame1318.jpg,1920,1080,bee,1546,800,1713,956
frame1318.jpg,1920,1080,bee,1773,747,1920,907
frame1318.jpg,1920,1080,bee,149,594,321,792
frame1319.jpg,1920,1080,bee,1581,818,1728,950
frame1319.jpg,1920,1080,bee,565,741,772,930
frame1319.jpg,1920,1080,bee,1355,689,1561,896
frame1319.jpg,1920,1080,bee,1770,623,1920,771
frame1319.jpg,1920,1080,bee,228,599,379,793
frame1319.jpg,1920,1080,bee,1207,578,1392,757
frame1319.jpg,1920,1080,bee,1034,519,1203,699
frame1319.jpg,1920,1080,bee,766,162,986,336
frame1319.jpg,1920,1080,bee,282,579,480,724
frame1319.jpg,1920,1080,bee,1770,756,1920,904
frame132.jpg,1920,1080,bee,1679,771,1920,956
frame132.jpg,1920,1080,bee,1138,514,1332,779
frame132.jpg,1920,1080,bee,157,1,335,95
frame1320.jpg,1920,1080,bee,1562,815,1717,953
frame1320.jpg,1920,1080,bee,539,743,771,929
frame1320.jpg,1920,1080,bee,1354,706,1559,891
frame1320.jpg,1920,1080,bee,1770,618,1920,782
frame1320.jpg,1920,1080,bee,227,599,406,815
frame1320.jpg,1920,1080,bee,1237,572,1386,732
frame1320.jpg,1920,1080,bee,1017,517,1211,718
frame1320.jpg,1920,1080,bee,782,161,992,338
frame1320.jpg,1920,1080,bee,1770,757,1920,921
frame1320.jpg,1920,1080,bee,234,572,454,683
